rank,Name,Year,male_count,female_count,unisex_score
1,Randie,1960,25,25,100.0
2,Sheridan,1960,20,20,100.0
3,Arie,1960,11,11,100.0
4,Terris,1960,7,7,100.0
5,Ivery,1960,6,6,100.0
6,Tevis,1960,6,6,100.0
7,Curlie,1960,5,5,100.0
8,Danile,1960,5,5,100.0
9,Dossie,1960,5,5,100.0
10,Geral,1960,5,5,100.0
11,Lauris,1960,5,5,100.0
12,Lorren,1960,5,5,100.0
13,Mar,1960,5,5,100.0
14,Mechel,1960,5,5,100.0
15,Ysabel,1960,5,5,100.0
16,Alva,1960,60,59,98.33
17,Kit,1960,39,38,97.44
18,Robbie,1960,451,463,97.41
19,Nicola,1960,31,30,96.77
20,Shan,1960,15,16,93.75
21,Mallory,1960,15,14,93.33
22,Teddie,1960,28,26,92.86
23,Terryl,1960,26,24,92.31
24,Shay,1960,12,11,91.67
25,Shell,1960,11,12,91.67
26,Tory,1960,47,43,91.49
27,Delane,1960,22,20,90.91
28,Raven,1960,10,11,90.91
29,Clemmie,1960,10,9,90.0
30,Tonnie,1960,24,27,88.89
31,Laine,1960,16,18,88.89
32,Paris,1960,64,56,87.5
33,Adrien,1960,8,7,87.5
34,Elvie,1960,7,8,87.5
35,Joie,1960,8,7,87.5
36,Pepper,1960,7,8,87.5
37,Monnie,1960,13,15,86.67
38,Dann,1960,49,42,85.71
39,Avon,1960,21,18,85.71
40,Carlon,1960,14,12,85.71
41,Kasey,1960,14,12,85.71
42,Jimi,1960,7,6,85.71
43,Marquette,1960,6,7,85.71
44,Vertis,1960,6,7,85.71
45,Jammie,1960,23,27,85.19
46,Lacey,1960,16,19,84.21
47,Kye,1960,6,5,83.33
48,Laray,1960,5,6,83.33
49,Lindley,1960,5,6,83.33
50,Rainey,1960,6,5,83.33
1,Lonie,1961,12,12,100.0
2,Tarry,1961,12,12,100.0
3,Carlis,1961,11,11,100.0
4,Burnette,1961,8,8,100.0
5,Tery,1961,8,8,100.0
6,Vandy,1961,8,8,100.0
7,Donie,1961,7,7,100.0
8,Marice,1961,7,7,100.0
9,Terril,1961,7,7,100.0
10,Donnis,1961,6,6,100.0
11,Joby,1961,6,6,100.0
12,Mallie,1961,6,6,100.0
13,Marque,1961,6,6,100.0
14,Celester,1961,5,5,100.0
15,Constant,1961,5,5,100.0
16,Emerald,1961,5,5,100.0
17,Krishna,1961,5,5,100.0
18,Marcell,1961,23,22,95.65
19,Demetris,1961,19,20,95.0
20,Ollie,1961,107,113,94.69
21,Joie,1961,17,18,94.44
22,Jeryl,1961,16,17,94.12
23,Teddie,1961,17,16,94.12
24,Dorian,1961,65,61,93.85
25,Torry,1961,12,13,92.31
26,Val,1961,88,96,91.67
27,Collie,1961,11,12,91.67
28,Johann,1961,10,9,90.0
29,Nieves,1961,9,10,90.0
30,Angel,1961,667,597,89.51
31,Terryl,1961,16,18,88.89
32,Lindley,1961,9,8,88.89
33,Delane,1961,15,17,88.24
34,Verdell,1961,15,17,88.24
35,Tory,1961,49,56,87.5
36,Lavelle,1961,16,14,87.5
37,Donne,1961,7,8,87.5
38,Sami,1961,7,8,87.5
39,Shaune,1961,7,8,87.5
40,Dayle,1961,30,35,85.71
41,Claudie,1961,12,14,85.71
42,Carlee,1961,7,6,85.71
43,Happy,1961,6,7,85.71
44,Mar,1961,7,6,85.71
45,Wallis,1961,6,7,85.71
46,Allyn,1961,41,35,85.37
47,Dann,1961,33,39,84.62
48,Shea,1961,11,13,84.62
49,Robie,1961,30,25,83.33
50,Kimmy,1961,20,24,83.33
1,Vada,1962,25,25,100.0
2,Shan,1962,16,16,100.0
3,Carlie,1962,11,11,100.0
4,Shea,1962,11,11,100.0
5,Burnice,1962,9,9,100.0
6,Dabney,1962,8,8,100.0
7,Monnie,1962,8,8,100.0
8,Adel,1962,7,7,100.0
9,Kendel,1962,7,7,100.0
10,Melvine,1962,7,7,100.0
11,Daune,1962,6,6,100.0
12,Jammy,1962,6,6,100.0
13,Lorren,1962,6,6,100.0
14,Sonnie,1962,6,6,100.0
15,Tay,1962,6,6,100.0
16,Antoni,1962,5,5,100.0
17,Derrie,1962,5,5,100.0
18,Robben,1962,5,5,100.0
19,Ronie,1962,5,5,100.0
20,Shelvy,1962,5,5,100.0
21,Lacy,1962,49,47,95.92
22,Delane,1962,20,21,95.24
23,Ollie,1962,105,99,94.29
24,Bryn,1962,17,16,94.12
25,Tobie,1962,12,11,91.67
26,Salome,1962,10,11,90.91
27,Larue,1962,21,19,90.48
28,Jamy,1962,8,9,88.89
29,Ladell,1962,9,8,88.89
30,Marquette,1962,8,9,88.89
31,Arnell,1962,25,22,88.0
32,Kit,1962,29,33,87.88
33,Lorenza,1962,40,35,87.5
34,Carlen,1962,7,8,87.5
35,Dany,1962,7,8,87.5
36,Jai,1962,8,7,87.5
37,Kippy,1962,8,7,87.5
38,Laney,1962,7,8,87.5
39,Terrace,1962,7,8,87.5
40,Kris,1962,512,590,86.78
41,Kelsey,1962,22,19,86.36
42,Kasey,1962,25,29,86.21
43,Alvia,1962,6,7,85.71
44,Daine,1962,6,7,85.71
45,Tary,1962,6,7,85.71
46,Elisha,1962,34,40,85.0
47,Ashley,1962,113,95,84.07
48,Allie,1962,20,24,83.33
49,Lark,1962,10,12,83.33
50,Arlee,1962,6,5,83.33
1,Ara,1963,17,17,100.0
2,Marvis,1963,13,13,100.0
3,Jeryl,1963,11,11,100.0
4,Maris,1963,11,11,100.0
5,Carlie,1963,10,10,100.0
6,Lenell,1963,8,8,100.0
7,Lugene,1963,7,7,100.0
8,Redell,1963,6,6,100.0
9,Beni,1963,5,5,100.0
10,Bobie,1963,5,5,100.0
11,Camden,1963,5,5,100.0
12,Haven,1963,5,5,100.0
13,Hildred,1963,5,5,100.0
14,Natale,1963,5,5,100.0
15,Rami,1963,5,5,100.0
16,Ramie,1963,5,5,100.0
17,Remi,1963,5,5,100.0
18,Ollie,1963,82,86,95.35
19,Tobey,1963,20,19,95.0
20,Marcell,1963,19,18,94.74
21,Dru,1963,17,18,94.44
22,Shell,1963,16,15,93.75
23,Sol,1963,14,13,92.86
24,Tory,1963,38,41,92.68
25,Avon,1963,12,11,91.67
26,Rebel,1963,12,11,91.67
27,Ronell,1963,12,11,91.67
28,Delane,1963,22,20,90.91
29,Shea,1963,11,10,90.91
30,Courtney,1963,148,163,90.8
31,Rennie,1963,21,19,90.48
32,Paris,1963,61,68,89.71
33,Teddie,1963,18,16,88.89
34,Nieves,1963,8,9,88.89
35,Ricki,1963,39,44,88.64
36,Vinnie,1963,15,17,88.24
37,Rene,1963,715,817,87.52
38,Michal,1963,40,35,87.5
39,Carry,1963,8,7,87.5
40,Larrie,1963,8,7,87.5
41,Mardy,1963,7,8,87.5
42,Kriss,1963,31,27,87.1
43,Alva,1963,45,52,86.54
44,Caroll,1963,12,14,85.71
45,Criss,1963,12,14,85.71
46,Gean,1963,6,7,85.71
47,Laney,1963,7,6,85.71
48,Cleo,1963,47,55,85.45
49,Kit,1963,41,35,85.37
50,Kary,1963,50,42,84.0
1,Sheridan,1964,17,17,100.0
2,Young,1964,11,11,100.0
3,Arie,1964,10,10,100.0
4,Haven,1964,10,10,100.0
5,Terris,1964,9,9,100.0
6,Tobe,1964,8,8,100.0
7,Jerre,1964,7,7,100.0
8,Lonie,1964,7,7,100.0
9,Romney,1964,7,7,100.0
10,Chaun,1964,6,6,100.0
11,Ludie,1964,6,6,100.0
12,Marrion,1964,6,6,100.0
13,Vandy,1964,6,6,100.0
14,Clemmie,1964,5,5,100.0
15,Ivon,1964,5,5,100.0
16,Shaye,1964,5,5,100.0
17,Kary,1964,41,40,97.56
18,Michal,1964,36,35,97.22
19,Trinidad,1964,31,30,96.77
20,Paris,1964,70,67,95.71
21,Garnet,1964,19,20,95.0
22,Dayle,1964,19,18,94.74
23,Mallory,1964,18,19,94.74
24,Marcell,1964,19,18,94.74
25,Linn,1964,16,17,94.12
26,Natividad,1964,16,17,94.12
27,Carry,1964,14,15,93.33
28,Shan,1964,26,28,92.86
29,Temple,1964,26,28,92.86
30,Bryn,1964,12,13,92.31
31,Alva,1964,51,56,91.07
32,Marlo,1964,20,22,90.91
33,Claudie,1964,10,11,90.91
34,Jae,1964,11,10,90.91
35,Kriss,1964,21,19,90.48
36,Chriss,1964,9,10,90.0
37,Salome,1964,10,9,90.0
38,Unknown,1964,49,44,89.8
39,Kem,1964,27,24,88.89
40,Terryl,1964,18,16,88.89
41,Monti,1964,8,9,88.89
42,Terrace,1964,9,8,88.89
43,Reagan,1964,25,22,88.0
44,Gean,1964,7,8,87.5
45,Lonni,1964,7,8,87.5
46,Dru,1964,23,20,86.96
47,Kelsey,1964,23,20,86.96
48,Andra,1964,85,98,86.73
49,Larue,1964,15,13,86.67
50,Ricki,1964,37,43,86.05
1,Andra,1965,82,82,100.0
2,Bryn,1965,17,17,100.0
3,Delane,1965,14,14,100.0
4,Roben,1965,14,14,100.0
5,Shann,1965,11,11,100.0
6,Leith,1965,8,8,100.0
7,Mika,1965,8,8,100.0
8,Demitri,1965,6,6,100.0
9,Krishna,1965,6,6,100.0
10,Laren,1965,5,5,100.0
11,Lavaughn,1965,5,5,100.0
12,Love,1965,5,5,100.0
13,Tally,1965,5,5,100.0
14,Ricki,1965,34,33,97.06
15,Jade,1965,26,27,96.3
16,Deane,1965,24,23,95.83
17,Kelsey,1965,17,16,94.12
18,Marvis,1965,14,15,93.33
19,Monti,1965,14,15,93.33
20,Ragan,1965,14,13,92.86
21,Kriss,1965,23,21,91.3
22,Ollie,1965,67,61,91.04
23,Tonnie,1965,21,19,90.48
24,Jamy,1965,9,10,90.0
25,Larrie,1965,10,9,90.0
26,Paris,1965,59,66,89.39
27,Mallory,1965,16,18,88.89
28,Carry,1965,9,8,88.89
29,Marquette,1965,8,9,88.89
30,Victory,1965,8,9,88.89
31,Lenell,1965,7,8,87.5
32,Lonie,1965,8,7,87.5
33,Merlyn,1965,7,8,87.5
34,Ara,1965,13,15,86.67
35,Randie,1965,14,12,85.71
36,Deion,1965,7,6,85.71
37,Donis,1965,6,7,85.71
38,Jerre,1965,6,7,85.71
39,Kody,1965,7,6,85.71
40,Micha,1965,6,7,85.71
41,Monserrate,1965,6,7,85.71
42,Rene,1965,744,634,85.22
43,Temple,1965,22,26,84.62
44,Cortney,1965,12,10,83.33
45,Dannell,1965,6,5,83.33
46,Demetrus,1965,6,5,83.33
47,Eron,1965,5,6,83.33
48,Geryl,1965,5,6,83.33
49,Lyndall,1965,6,5,83.33
50,Marice,1965,6,5,83.33
1,Marvel,1966,12,12,100.0
2,Caroll,1966,10,10,100.0
3,Ricci,1966,9,9,100.0
4,Shaune,1966,9,9,100.0
5,Daniell,1966,8,8,100.0
6,Davon,1966,8,8,100.0
7,Delaney,1966,8,8,100.0
8,Kam,1966,8,8,100.0
9,Linell,1966,8,8,100.0
10,Claudie,1966,7,7,100.0
11,Dannell,1966,7,7,100.0
12,Errin,1966,7,7,100.0
13,Mar,1966,7,7,100.0
14,Marin,1966,7,7,100.0
15,Donis,1966,6,6,100.0
16,Kalen,1966,6,6,100.0
17,Yvon,1966,5,5,100.0
18,Cleo,1966,51,53,96.23
19,Augusta,1966,20,19,95.0
20,Darby,1966,34,36,94.44
21,Jade,1966,32,34,94.12
22,Laine,1966,16,15,93.75
23,Terryl,1966,15,16,93.75
24,Lin,1966,15,14,93.33
25,Tobey,1966,14,13,92.86
26,Lavern,1966,61,66,92.42
27,Dwan,1966,13,12,92.31
28,Orlanda,1966,12,13,92.31
29,Terrace,1966,12,13,92.31
30,Merritt,1966,34,37,91.89
31,Lindsay,1966,56,61,91.8
32,Alpha,1966,12,11,91.67
33,Ivey,1966,12,11,91.67
34,Verdell,1966,11,12,91.67
35,Jule,1966,11,10,90.91
36,Macy,1966,10,9,90.0
37,Shann,1966,10,9,90.0
38,Lark,1966,8,9,88.89
39,Teddie,1966,9,8,88.89
40,Undrea,1966,8,9,88.89
41,Vinnie,1966,9,8,88.89
42,Alva,1966,39,44,88.64
43,Ricki,1966,30,34,88.24
44,Sol,1966,14,16,87.5
45,Tyran,1966,8,7,87.5
46,Brook,1966,63,55,87.3
47,Rene,1966,675,587,86.96
48,Drue,1966,6,7,85.71
49,Elvie,1966,7,6,85.71
50,Hiawatha,1966,6,7,85.71
1,Lin,1967,12,12,100.0
2,Jeryl,1967,11,11,100.0
3,Marlowe,1967,11,11,100.0
4,Nieves,1967,8,8,100.0
5,Nico,1967,7,7,100.0
6,Frenchie,1967,6,6,100.0
7,Hadley,1967,6,6,100.0
8,Lavoris,1967,6,6,100.0
9,Rainey,1967,6,6,100.0
10,Young,1967,6,6,100.0
11,Blaire,1967,5,5,100.0
12,Garrie,1967,5,5,100.0
13,Jodey,1967,5,5,100.0
14,Robi,1967,5,5,100.0
15,Terran,1967,5,5,100.0
16,Peyton,1967,22,23,95.65
17,Regan,1967,40,42,95.24
18,Alva,1967,37,39,94.87
19,Bryn,1967,15,16,93.75
20,Cortney,1967,15,16,93.75
21,Arnell,1967,14,13,92.86
22,Merritt,1967,25,27,92.59
23,Delane,1967,11,12,91.67
24,Krishna,1967,10,11,90.91
25,Linn,1967,10,11,90.91
26,Marice,1967,9,10,90.0
27,Marvis,1967,9,10,90.0
28,Kerry,1967,1124,1258,89.35
29,Trini,1967,25,28,89.29
30,Nickie,1967,33,37,89.19
31,Marvel,1967,16,18,88.89
32,Alpha,1967,9,8,88.89
33,Terrace,1967,8,9,88.89
34,Willia,1967,8,9,88.89
35,Jade,1967,38,43,88.37
36,Bernell,1967,8,7,87.5
37,Claudie,1967,8,7,87.5
38,Donnis,1967,7,8,87.5
39,Lonie,1967,7,8,87.5
40,Rashawn,1967,7,8,87.5
41,Raymie,1967,8,7,87.5
42,Undrea,1967,7,8,87.5
43,Zan,1967,8,7,87.5
44,Lindsay,1967,41,47,87.23
45,Lavon,1967,32,37,86.49
46,Deane,1967,22,19,86.36
47,Clemmie,1967,7,6,85.71
48,Danie,1967,7,6,85.71
49,Darrie,1967,7,6,85.71
50,Davi,1967,6,7,85.71
1,Tobey,1968,21,21,100.0
2,Bryn,1968,13,13,100.0
3,Laine,1968,13,13,100.0
4,Jeryl,1968,11,11,100.0
5,Aquilla,1968,7,7,100.0
6,Criss,1968,7,7,100.0
7,Larrie,1968,7,7,100.0
8,Marvis,1968,7,7,100.0
9,Omega,1968,7,7,100.0
10,Ardell,1968,6,6,100.0
11,Donne,1968,6,6,100.0
12,Lavaughn,1968,6,6,100.0
13,Tal,1968,6,6,100.0
14,Carlas,1968,5,5,100.0
15,Carrington,1968,5,5,100.0
16,Dorn,1968,5,5,100.0
17,Laray,1968,5,5,100.0
18,Miko,1968,5,5,100.0
19,Demetris,1968,29,28,96.55
20,Carey,1968,338,324,95.86
21,Shea,1968,44,42,95.45
22,Cortney,1968,20,21,95.24
23,Rene,1968,709,671,94.64
24,Kimble,1968,18,17,94.44
25,Shay,1968,32,34,94.12
26,Ronell,1968,16,15,93.75
27,Deshon,1968,14,13,92.86
28,Cheyenne,1968,12,13,92.31
29,Jade,1968,60,54,90.0
30,Regan,1968,27,30,90.0
31,Raynell,1968,9,10,90.0
32,Reagan,1968,17,19,89.47
33,Trini,1968,24,27,88.89
34,Diamond,1968,8,9,88.89
35,Kacy,1968,16,14,87.5
36,Burnett,1968,7,8,87.5
37,Devone,1968,7,8,87.5
38,Golden,1968,8,7,87.5
39,Shell,1968,8,7,87.5
40,Tevis,1968,8,7,87.5
41,Vernie,1968,8,7,87.5
42,Tonnie,1968,12,14,85.71
43,Arlyn,1968,7,6,85.71
44,Dannell,1968,6,7,85.71
45,Holland,1968,7,6,85.71
46,Jory,1968,7,6,85.71
47,Ragan,1968,6,7,85.71
48,Rainey,1968,7,6,85.71
49,Kary,1968,41,48,85.42
50,Lin,1968,13,11,84.62
1,Kary,1969,38,38,100.0
2,Demetris,1969,25,25,100.0
3,Ricci,1969,17,17,100.0
4,Ronell,1969,13,13,100.0
5,Kem,1969,10,10,100.0
6,Jae,1969,8,8,100.0
7,Shalom,1969,8,8,100.0
8,Shann,1969,8,8,100.0
9,Cantrell,1969,7,7,100.0
10,Clemmie,1969,7,7,100.0
11,Deshun,1969,7,7,100.0
12,Jule,1969,7,7,100.0
13,Shawnn,1969,7,7,100.0
14,Donnis,1969,6,6,100.0
15,Scotti,1969,6,6,100.0
16,Ainsley,1969,5,5,100.0
17,Alexi,1969,5,5,100.0
18,Cassidy,1969,5,5,100.0
19,Deyon,1969,5,5,100.0
20,Fontaine,1969,5,5,100.0
21,Macheal,1969,5,5,100.0
22,Raymie,1969,5,5,100.0
23,Regan,1969,38,39,97.44
24,Trini,1969,24,25,96.0
25,Lindsey,1969,65,69,94.2
26,Allie,1969,16,15,93.75
27,Jade,1969,60,56,93.33
28,Christan,1969,15,14,93.33
29,Jeryl,1969,14,13,92.86
30,Vernell,1969,37,40,92.5
31,Beryl,1969,12,13,92.31
32,Jamy,1969,12,13,92.31
33,Carey,1969,344,373,92.23
34,Errin,1969,12,11,91.67
35,Merritt,1969,30,33,90.91
36,Alpha,1969,10,11,90.91
37,Kriston,1969,10,11,90.91
38,Lin,1969,11,10,90.91
39,Mikell,1969,11,10,90.91
40,Hadley,1969,9,10,90.0
41,Remi,1969,10,9,90.0
42,Lavern,1969,48,43,89.58
43,Dwan,1969,19,17,89.47
44,Paris,1969,66,59,89.39
45,Devan,1969,9,8,88.89
46,Nikola,1969,8,9,88.89
47,Willia,1969,9,8,88.89
48,Ivey,1969,17,15,88.24
49,Linn,1969,17,15,88.24
50,Lacy,1969,50,57,87.72
1,Ashanti,1970,14,14,100.0
2,Carlie,1970,13,13,100.0
3,Linn,1970,13,13,100.0
4,Marice,1970,13,13,100.0
5,Larue,1970,11,11,100.0
6,Theon,1970,9,9,100.0
7,Demetrias,1970,8,8,100.0
8,Rossie,1970,8,8,100.0
9,Korry,1970,7,7,100.0
10,Kortney,1970,7,7,100.0
11,Shenandoah,1970,7,7,100.0
12,Undrea,1970,7,7,100.0
13,Adrean,1970,6,6,100.0
14,Aquilla,1970,6,6,100.0
15,Ashby,1970,6,6,100.0
16,Claudie,1970,6,6,100.0
17,Deion,1970,6,6,100.0
18,Lin,1970,6,6,100.0
19,Shown,1970,6,6,100.0
20,Troi,1970,6,6,100.0
21,Jayce,1970,5,5,100.0
22,Kee,1970,5,5,100.0
23,Machael,1970,5,5,100.0
24,Tamboura,1970,5,5,100.0
25,Jammie,1970,92,95,96.84
26,Kris,1970,418,437,95.65
27,Carlin,1970,15,16,93.75
28,Angel,1970,1037,1108,93.59
29,Marvel,1970,13,14,92.86
30,Cassidy,1970,13,12,92.31
31,Lindsey,1970,77,71,92.21
32,Peyton,1970,23,25,92.0
33,Cleo,1970,35,32,91.43
34,Regan,1970,32,35,91.43
35,Deshawn,1970,53,58,91.38
36,Kem,1970,10,11,90.91
37,Teal,1970,11,10,90.91
38,Merritt,1970,28,31,90.32
39,Britt,1970,131,118,90.08
40,Sloan,1970,27,30,90.0
41,Kam,1970,9,10,90.0
42,Mallory,1970,17,19,89.47
43,Demetris,1970,32,36,88.89
44,Natividad,1970,18,16,88.89
45,Donyell,1970,9,8,88.89
46,Kiran,1970,8,9,88.89
47,Tobey,1970,23,26,88.46
48,Vernell,1970,51,45,88.24
49,Dwan,1970,28,32,87.5
50,Shiloh,1970,28,32,87.5
1,Germaine,1971,95,95,100.0
2,Mallory,1971,32,32,100.0
3,Marquette,1971,24,24,100.0
4,Monti,1971,15,15,100.0
5,Nevada,1971,13,13,100.0
6,Donnis,1971,11,11,100.0
7,Carlon,1971,10,10,100.0
8,Jojo,1971,9,9,100.0
9,Keita,1971,9,9,100.0
10,Chawn,1971,7,7,100.0
11,Claudie,1971,7,7,100.0
12,Ja,1971,7,7,100.0
13,Marquel,1971,7,7,100.0
14,Olanda,1971,7,7,100.0
15,Shawnn,1971,7,7,100.0
16,Ary,1971,6,6,100.0
17,Carlas,1971,6,6,100.0
18,Dene,1971,6,6,100.0
19,Terral,1971,6,6,100.0
20,Aquilla,1971,5,5,100.0
21,Blue,1971,5,5,100.0
22,Dorin,1971,5,5,100.0
23,Jaya,1971,5,5,100.0
24,Laroyce,1971,5,5,100.0
25,Leonides,1971,5,5,100.0
26,Monnie,1971,5,5,100.0
27,Trenell,1971,5,5,100.0
28,Kelsey,1971,72,71,98.61
29,Kendal,1971,45,44,97.78
30,Sheridan,1971,43,42,97.67
31,Lacy,1971,40,41,97.56
32,Cleo,1971,34,33,97.06
33,Marion,1971,344,359,95.82
34,Deshawn,1971,78,82,95.12
35,Cheyenne,1971,36,38,94.74
36,Ara,1971,18,19,94.74
37,Christan,1971,17,18,94.44
38,Jamie,1971,3235,3054,94.4
39,Demetris,1971,31,33,93.94
40,Natividad,1971,15,14,93.33
41,Dusty,1971,119,111,93.28
42,Dashawn,1971,14,13,92.86
43,Marlen,1971,13,12,92.31
44,Darby,1971,96,88,91.67
45,Carlie,1971,12,11,91.67
46,Jule,1971,12,11,91.67
47,Brook,1971,118,108,91.53
48,Demetric,1971,23,21,91.3
49,Happy,1971,10,11,90.91
50,Remy,1971,10,11,90.91
1,Alva,1972,29,29,100.0
2,Ara,1972,19,19,100.0
3,Marlen,1972,17,17,100.0
4,Nico,1972,15,15,100.0
5,Christan,1972,13,13,100.0
6,Ivey,1972,13,13,100.0
7,Lan,1972,9,9,100.0
8,Dannell,1972,8,8,100.0
9,Devone,1972,8,8,100.0
10,Vinnie,1972,8,8,100.0
11,Andrell,1972,7,7,100.0
12,Daune,1972,7,7,100.0
13,Doral,1972,6,6,100.0
14,Maris,1972,6,6,100.0
15,Remi,1972,6,6,100.0
16,Shandy,1972,6,6,100.0
17,Starling,1972,6,6,100.0
18,Adair,1972,5,5,100.0
19,Kawan,1972,5,5,100.0
20,Margene,1972,5,5,100.0
21,Martice,1972,5,5,100.0
22,Mickell,1972,5,5,100.0
23,Shaheen,1972,5,5,100.0
24,Marion,1972,300,293,97.67
25,Sheridan,1972,29,28,96.55
26,Sage,1972,25,26,96.15
27,Kelsey,1972,73,76,96.05
28,Jonnie,1972,24,23,95.83
29,Rashawn,1972,23,22,95.65
30,Stephane,1972,20,19,95.0
31,Natividad,1972,18,17,94.44
32,Dusty,1972,135,143,94.41
33,Unknown,1972,15,14,93.33
34,Lavon,1972,37,40,92.5
35,Errin,1972,13,12,92.31
36,Kriston,1972,13,12,92.31
37,Jade,1972,101,93,92.08
38,Lavern,1972,36,33,91.67
39,Ashanti,1972,19,21,90.48
40,Shandell,1972,9,10,90.0
41,Verdell,1972,9,10,90.0
42,Dashawn,1972,16,18,88.89
43,Kendel,1972,9,8,88.89
44,Larrie,1972,8,9,88.89
45,Shawnn,1972,9,8,88.89
46,Teryl,1972,9,8,88.89
47,Shawne,1972,29,33,87.88
48,Cayce,1972,8,7,87.5
49,Glennis,1972,7,8,87.5
50,Karlin,1972,8,7,87.5
1,Mallory,1973,20,20,100.0
2,Romaine,1973,14,14,100.0
3,Shandy,1973,14,14,100.0
4,Delane,1973,11,11,100.0
5,Kenyada,1973,10,10,100.0
6,Feliz,1973,9,9,100.0
7,Jamille,1973,9,9,100.0
8,Haven,1973,8,8,100.0
9,Shondel,1973,8,8,100.0
10,Brit,1973,7,7,100.0
11,Mozell,1973,7,7,100.0
12,Natale,1973,7,7,100.0
13,Christien,1973,6,6,100.0
14,Dene,1973,6,6,100.0
15,Elon,1973,6,6,100.0
16,Jovon,1973,6,6,100.0
17,Kiah,1973,6,6,100.0
18,Lenell,1973,6,6,100.0
19,Mayo,1973,6,6,100.0
20,Emerald,1973,5,5,100.0
21,Kendel,1973,5,5,100.0
22,Kiran,1973,5,5,100.0
23,Lesean,1973,5,5,100.0
24,Leshon,1973,5,5,100.0
25,Shaughn,1973,5,5,100.0
26,Vashion,1973,5,5,100.0
27,Tobey,1973,39,37,94.87
28,Kelsey,1973,73,77,94.81
29,Kareen,1973,30,28,93.33
30,Andra,1973,67,72,93.06
31,Michal,1973,36,39,92.31
32,Donyell,1973,23,21,91.3
33,Dusty,1973,135,148,91.22
34,Aries,1973,11,10,90.91
35,Raynell,1973,10,11,90.91
36,Rennie,1973,10,11,90.91
37,Cortney,1973,29,32,90.63
38,Shamon,1973,10,9,90.0
39,Marion,1973,297,267,89.9
40,Sol,1973,17,19,89.47
41,Cassidy,1973,25,28,89.29
42,Merritt,1973,18,16,88.89
43,Niko,1973,16,18,88.89
44,Cam,1973,8,9,88.89
45,Deshannon,1973,9,8,88.89
46,Sloan,1973,26,23,88.46
47,Cheyenne,1973,60,53,88.33
48,Ali,1973,114,100,87.72
49,Carlas,1973,8,7,87.5
50,Donnelle,1973,7,8,87.5
1,Lavern,1974,32,32,100.0
2,Alva,1974,27,27,100.0
3,Merritt,1974,19,19,100.0
4,Micha,1974,17,17,100.0
5,Carrol,1974,15,15,100.0
6,Arie,1974,11,11,100.0
7,Tal,1974,11,11,100.0
8,Sun,1974,9,9,100.0
9,Aki,1974,8,8,100.0
10,Dakota,1974,8,8,100.0
11,Ardis,1974,7,7,100.0
12,Jamille,1974,7,7,100.0
13,Danie,1974,6,6,100.0
14,Darnelle,1974,6,6,100.0
15,Emeka,1974,6,6,100.0
16,Kriss,1974,6,6,100.0
17,Lawan,1974,6,6,100.0
18,Quanah,1974,6,6,100.0
19,Bela,1974,5,5,100.0
20,Dayan,1974,5,5,100.0
21,Osha,1974,5,5,100.0
22,Demetris,1974,40,39,97.5
23,Darby,1974,73,71,97.26
24,Jade,1974,96,93,96.88
25,Tobey,1974,49,47,95.92
26,Trini,1974,19,18,94.74
27,Aubrey,1974,174,185,94.05
28,Ashanti,1974,32,30,93.75
29,Aundra,1974,16,15,93.75
30,Allyn,1974,14,15,93.33
31,London,1974,14,15,93.33
32,Nikola,1974,13,14,92.86
33,Alpha,1974,13,12,92.31
34,Michal,1974,45,49,91.84
35,Arian,1974,12,11,91.67
36,Keita,1974,12,11,91.67
37,Shalom,1974,11,12,91.67
38,Shann,1974,11,12,91.67
39,Alexi,1974,11,10,90.91
40,Marin,1974,10,11,90.91
41,Jayce,1974,10,9,90.0
42,Monta,1974,10,9,90.0
43,Shenandoah,1974,9,10,90.0
44,Gabriele,1974,8,9,88.89
45,Jule,1974,9,8,88.89
46,Nakai,1974,8,9,88.89
47,Nico,1974,9,8,88.89
48,Verdell,1974,8,9,88.89
49,Winter,1974,8,9,88.89
50,Kenyata,1974,15,17,88.24
1,Nikola,1975,18,18,100.0
2,Mackenzie,1975,14,14,100.0
3,Barrie,1975,12,12,100.0
4,Gabriele,1975,12,12,100.0
5,Alpha,1975,11,11,100.0
6,Blakely,1975,10,10,100.0
7,Sonnie,1975,10,10,100.0
8,Montana,1975,9,9,100.0
9,Shawndell,1975,9,9,100.0
10,Tashawn,1975,9,9,100.0
11,Akira,1975,8,8,100.0
12,Brit,1975,8,8,100.0
13,Ivey,1975,8,8,100.0
14,Amani,1975,7,7,100.0
15,Dannell,1975,7,7,100.0
16,Skeeter,1975,7,7,100.0
17,Aubry,1975,6,6,100.0
18,Diarra,1975,6,6,100.0
19,Marki,1975,6,6,100.0
20,Nieves,1975,6,6,100.0
21,Ondra,1975,6,6,100.0
22,Terez,1975,6,6,100.0
23,Billyjo,1975,5,5,100.0
24,Chaffee,1975,5,5,100.0
25,Garrie,1975,5,5,100.0
26,Johari,1975,5,5,100.0
27,Kishara,1975,5,5,100.0
28,Nashawn,1975,5,5,100.0
29,Olayinka,1975,5,5,100.0
30,Tashan,1975,5,5,100.0
31,Tobey,1975,52,53,98.11
32,Kenyatta,1975,225,217,96.44
33,Shea,1975,111,116,95.69
34,Donyell,1975,22,21,95.45
35,Andra,1975,80,84,95.24
36,Shawne,1975,21,20,95.24
37,Marion,1975,245,233,95.1
38,Micha,1975,18,19,94.74
39,Sheridan,1975,28,26,92.86
40,Shaune,1975,13,14,92.86
41,Jamie,1975,4573,4234,92.59
42,Kelsey,1975,97,105,92.38
43,Laquan,1975,13,12,92.31
44,Brandin,1975,11,10,90.91
45,Jamile,1975,11,10,90.91
46,Sun,1975,10,11,90.91
47,Merritt,1975,19,21,90.48
48,Sami,1975,20,18,90.0
49,Danel,1975,10,9,90.0
50,Laurin,1975,9,10,90.0
1,Arie,1976,16,16,100.0
2,Thanh,1976,12,12,100.0
3,Christon,1976,11,11,100.0
4,Clancy,1976,10,10,100.0
5,Jojo,1976,10,10,100.0
6,Roshan,1976,10,10,100.0
7,Harper,1976,9,9,100.0
8,Tawan,1976,9,9,100.0
9,Donyale,1976,7,7,100.0
10,Billyjo,1976,6,6,100.0
11,Heathe,1976,6,6,100.0
12,Jamine,1976,6,6,100.0
13,Rashone,1976,6,6,100.0
14,Shade,1976,6,6,100.0
15,Amory,1976,5,5,100.0
16,Andie,1976,5,5,100.0
17,Ardie,1976,5,5,100.0
18,Camara,1976,5,5,100.0
19,Elza,1976,5,5,100.0
20,Jode,1976,5,5,100.0
21,Kashawn,1976,5,5,100.0
22,Kem,1976,5,5,100.0
23,Larrie,1976,5,5,100.0
24,Micaiah,1976,5,5,100.0
25,Oma,1976,5,5,100.0
26,Roshun,1976,5,5,100.0
27,Senica,1976,5,5,100.0
28,Thayer,1976,5,5,100.0
29,Darby,1976,55,54,98.18
30,Demetrice,1976,49,50,98.0
31,Kiley,1976,42,43,97.67
32,Lavon,1976,37,38,97.37
33,Tai,1976,36,34,94.44
34,Shawne,1976,15,16,93.75
35,Sami,1976,30,28,93.33
36,Delaney,1976,14,15,93.33
37,Mikell,1976,15,14,93.33
38,Aries,1976,14,13,92.86
39,Cedar,1976,13,14,92.86
40,Lael,1976,14,13,92.86
41,Dwan,1976,51,47,92.16
42,Deshannon,1976,12,11,91.67
43,Shea,1976,102,112,91.07
44,Rami,1976,11,10,90.91
45,Skylar,1976,11,10,90.91
46,Gabriele,1976,9,10,90.0
47,Salem,1976,10,9,90.0
48,Temple,1976,9,10,90.0
49,Cleo,1976,27,24,88.89
50,Latrell,1976,18,16,88.89
1,Marion,1977,229,229,100.0
2,Alva,1977,27,27,100.0
3,Sami,1977,19,19,100.0
4,Lashone,1977,16,16,100.0
5,Shermaine,1977,15,15,100.0
6,Chaney,1977,12,12,100.0
7,Vashawn,1977,10,10,100.0
8,Garnet,1977,9,9,100.0
9,An,1977,8,8,100.0
10,Briar,1977,7,7,100.0
11,Donyale,1977,7,7,100.0
12,Jule,1977,7,7,100.0
13,Kenyotta,1977,7,7,100.0
14,Neema,1977,7,7,100.0
15,Ranell,1977,7,7,100.0
16,Shadi,1977,7,7,100.0
17,Tam,1977,7,7,100.0
18,Bandy,1977,6,6,100.0
19,Chevelle,1977,6,6,100.0
20,Demetrias,1977,6,6,100.0
21,Hyun,1977,6,6,100.0
22,Jamine,1977,6,6,100.0
23,Jayce,1977,6,6,100.0
24,Karlin,1977,6,6,100.0
25,Mar,1977,6,6,100.0
26,Mishael,1977,6,6,100.0
27,Trellis,1977,6,6,100.0
28,Britain,1977,5,5,100.0
29,Brittain,1977,5,5,100.0
30,Chyenne,1977,5,5,100.0
31,Davonne,1977,5,5,100.0
32,Ji,1977,5,5,100.0
33,Kandia,1977,5,5,100.0
34,Kem,1977,5,5,100.0
35,Kish,1977,5,5,100.0
36,Merlyn,1977,5,5,100.0
37,Ryna,1977,5,5,100.0
38,Sakima,1977,5,5,100.0
39,Uchenna,1977,5,5,100.0
40,Kiley,1977,31,32,96.88
41,Torre,1977,28,27,96.43
42,London,1977,22,23,95.65
43,Kenyatta,1977,160,153,95.63
44,Ricci,1977,15,16,93.75
45,Salome,1977,15,16,93.75
46,Shamel,1977,16,15,93.75
47,Haven,1977,28,26,92.86
48,Kareen,1977,45,41,91.11
49,Ara,1977,21,19,90.48
50,Darby,1977,45,50,90.0
1,Sheridan,1978,21,21,100.0
2,Arie,1978,16,16,100.0
3,Maxie,1978,13,13,100.0
4,Kamil,1978,11,11,100.0
5,Jamine,1978,10,10,100.0
6,Harper,1978,9,9,100.0
7,Ashby,1978,7,7,100.0
8,De,1978,7,7,100.0
9,Ivon,1978,7,7,100.0
10,Linzy,1978,7,7,100.0
11,Shaheen,1978,7,7,100.0
12,Adama,1978,6,6,100.0
13,Berkeley,1978,6,6,100.0
14,Brittan,1978,6,6,100.0
15,Jin,1978,6,6,100.0
16,Jonel,1978,6,6,100.0
17,Keshaun,1978,6,6,100.0
18,Mykel,1978,6,6,100.0
19,Shady,1978,6,6,100.0
20,Terez,1978,6,6,100.0
21,Aryan,1978,5,5,100.0
22,Hoa,1978,5,5,100.0
23,Lasean,1978,5,5,100.0
24,Lataurus,1978,5,5,100.0
25,Noa,1978,5,5,100.0
26,Rashea,1978,5,5,100.0
27,Ronie,1978,5,5,100.0
28,Shalin,1978,5,5,100.0
29,Tyan,1978,5,5,100.0
30,Ivory,1978,63,62,98.41
31,Darby,1978,57,55,96.49
32,Coty,1978,25,26,96.15
33,Arian,1978,23,24,95.83
34,Demetrice,1978,54,57,94.74
35,Dusty,1978,226,212,93.81
36,Kam,1978,16,15,93.75
37,Kriston,1978,14,15,93.33
38,Sage,1978,57,53,92.98
39,Kai,1978,73,67,91.78
40,Santana,1978,24,22,91.67
41,Shalom,1978,10,11,90.91
42,Alva,1978,31,28,90.32
43,Delaney,1978,18,20,90.0
44,Remi,1978,10,9,90.0
45,Unknown,1978,10,9,90.0
46,Marion,1978,206,184,89.32
47,Lorin,1978,37,33,89.19
48,An,1978,8,9,88.89
49,Laine,1978,9,8,88.89
50,Lashaun,1978,47,53,88.68
1,Dusty,1979,194,194,100.0
2,Holland,1979,19,19,100.0
3,Josey,1979,10,10,100.0
4,Kenley,1979,10,10,100.0
5,Rennie,1979,9,9,100.0
6,Tien,1979,9,9,100.0
7,Amory,1979,8,8,100.0
8,Jeran,1979,8,8,100.0
9,Wai,1979,8,8,100.0
10,Carlen,1979,7,7,100.0
11,Darnelle,1979,7,7,100.0
12,Kodie,1979,7,7,100.0
13,Marshell,1979,7,7,100.0
14,Samar,1979,7,7,100.0
15,Ala,1979,6,6,100.0
16,Deniz,1979,6,6,100.0
17,Macon,1979,6,6,100.0
18,Naseem,1979,6,6,100.0
19,Tomie,1979,6,6,100.0
20,Tyan,1979,6,6,100.0
21,Yarnell,1979,6,6,100.0
22,Chamel,1979,5,5,100.0
23,Chriss,1979,5,5,100.0
24,Iram,1979,5,5,100.0
25,Kedron,1979,5,5,100.0
26,Keyonta,1979,5,5,100.0
27,Min,1979,5,5,100.0
28,Starlin,1979,5,5,100.0
29,Starling,1979,5,5,100.0
30,Tacoma,1979,5,5,100.0
31,Tranell,1979,5,5,100.0
32,Ivory,1979,82,84,97.62
33,Shay,1979,86,89,96.63
34,Sami,1979,20,21,95.24
35,Donyell,1979,18,17,94.44
36,Karon,1979,34,32,94.12
37,Jamelle,1979,14,15,93.33
38,London,1979,15,14,93.33
39,Maxie,1979,13,14,92.86
40,Merritt,1979,23,25,92.0
41,Baby,1979,24,22,91.67
42,Blakely,1979,11,12,91.67
43,Jaquay,1979,11,12,91.67
44,Ara,1979,21,23,91.3
45,Joell,1979,10,11,90.91
46,Montana,1979,10,11,90.91
47,Shady,1979,11,10,90.91
48,Shaheen,1979,10,11,90.91
49,Sheridan,1979,32,29,90.63
50,Aries,1979,9,10,90.0
1,Sage,1980,35,35,100.0
2,Baby,1980,22,22,100.0
3,Clair,1980,22,22,100.0
4,Sol,1980,22,22,100.0
5,Adel,1980,11,11,100.0
6,Jae,1980,10,10,100.0
7,Larkin,1980,10,10,100.0
8,Rhyan,1980,10,10,100.0
9,Hien,1980,9,9,100.0
10,Billyjo,1980,7,7,100.0
11,Kam,1980,7,7,100.0
12,Naseem,1980,7,7,100.0
13,Rhian,1980,7,7,100.0
14,Noa,1980,6,6,100.0
15,Terin,1980,6,6,100.0
16,Zuri,1980,6,6,100.0
17,Anjel,1980,5,5,100.0
18,Devery,1980,5,5,100.0
19,Harvest,1980,5,5,100.0
20,Kellyn,1980,5,5,100.0
21,Kitt,1980,5,5,100.0
22,Mishael,1980,5,5,100.0
23,Olanda,1980,5,5,100.0
24,Shamell,1980,5,5,100.0
25,Simmie,1980,5,5,100.0
26,Weslee,1980,5,5,100.0
27,Adrien,1980,51,50,98.04
28,Deven,1980,48,49,97.96
29,Jericho,1980,29,30,96.67
30,Ivory,1980,76,73,96.05
31,Bao,1980,17,18,94.44
32,Blakely,1980,18,17,94.44
33,Tran,1980,17,18,94.44
34,Haven,1980,31,33,93.94
35,Jaye,1980,15,16,93.75
36,Arie,1980,15,14,93.33
37,Kodi,1980,26,28,92.86
38,Marion,1980,204,189,92.65
39,Alexi,1980,13,12,92.31
40,Natale,1980,12,13,92.31
41,Micha,1980,22,24,91.67
42,Remy,1980,22,24,91.67
43,Arlyn,1980,12,11,91.67
44,Danyal,1980,11,12,91.67
45,Sheridan,1980,32,35,91.43
46,Lashon,1980,21,23,91.3
47,Nate,1980,21,23,91.3
48,Arian,1980,22,20,90.91
49,Montana,1980,11,10,90.91
50,Mykel,1980,11,10,90.91
1,Cleo,1981,25,25,100.0
2,Andree,1981,17,17,100.0
3,An,1981,16,16,100.0
4,Alpha,1981,11,11,100.0
5,Jamy,1981,11,11,100.0
6,Montana,1981,10,10,100.0
7,Romaine,1981,10,10,100.0
8,Shamon,1981,10,10,100.0
9,Larkin,1981,9,9,100.0
10,Dalyn,1981,8,8,100.0
11,Donyale,1981,8,8,100.0
12,Harper,1981,8,8,100.0
13,Mandeep,1981,7,7,100.0
14,Mitchelle,1981,7,7,100.0
15,Donnis,1981,6,6,100.0
16,Harpreet,1981,6,6,100.0
17,Taran,1981,6,6,100.0
18,Ary,1981,5,5,100.0
19,Bandy,1981,5,5,100.0
20,Cassady,1981,5,5,100.0
21,Christien,1981,5,5,100.0
22,Daine,1981,5,5,100.0
23,Deniz,1981,5,5,100.0
24,Jamile,1981,5,5,100.0
25,Ki,1981,5,5,100.0
26,Nema,1981,5,5,100.0
27,Quintell,1981,5,5,100.0
28,Ramelle,1981,5,5,100.0
29,Ronie,1981,5,5,100.0
30,Shawne,1981,5,5,100.0
31,Tashawn,1981,5,5,100.0
32,Teran,1981,5,5,100.0
33,Tramine,1981,5,5,100.0
34,Jessie,1981,1251,1210,96.72
35,Ariel,1981,236,228,96.61
36,Ivory,1981,70,67,95.71
37,Hoa,1981,21,20,95.24
38,Tristen,1981,21,20,95.24
39,Jimi,1981,19,18,94.74
40,Kristian,1981,148,140,94.59
41,Chesley,1981,14,15,93.33
42,Jin,1981,14,13,92.86
43,Kodi,1981,25,27,92.59
44,Arien,1981,11,10,90.91
45,Ja,1981,10,11,90.91
46,Jamelle,1981,10,11,90.91
47,Lai,1981,10,11,90.91
48,Loran,1981,10,11,90.91
49,Shaheen,1981,11,10,90.91
50,San,1981,18,20,90.0
1,Farron,1982,13,13,100.0
2,Wai,1982,13,13,100.0
3,Dao,1982,10,10,100.0
4,Tobie,1982,9,9,100.0
5,Cha,1982,8,8,100.0
6,De,1982,8,8,100.0
7,Naphtali,1982,8,8,100.0
8,Ger,1982,7,7,100.0
9,Koy,1982,7,7,100.0
10,Lenzie,1982,7,7,100.0
11,Amandeep,1982,6,6,100.0
12,Doan,1982,6,6,100.0
13,Jammy,1982,6,6,100.0
14,Ling,1982,6,6,100.0
15,Meade,1982,6,6,100.0
16,Meko,1982,6,6,100.0
17,Shalin,1982,6,6,100.0
18,Destine,1982,5,5,100.0
19,Dondi,1982,5,5,100.0
20,Jadrian,1982,5,5,100.0
21,Jobie,1982,5,5,100.0
22,Jontay,1982,5,5,100.0
23,Jordin,1982,5,5,100.0
24,Rya,1982,5,5,100.0
25,Shawne,1982,5,5,100.0
26,Thamar,1982,5,5,100.0
27,Haven,1982,22,23,95.65
28,Lorenza,1982,22,23,95.65
29,Tristen,1982,42,44,95.45
30,Ricci,1982,18,19,94.74
31,Isa,1982,18,17,94.44
32,Chesley,1982,17,16,94.12
33,Hien,1982,16,15,93.75
34,Sina,1982,16,15,93.75
35,Jacque,1982,44,47,93.62
36,Amando,1982,14,13,92.86
37,Alexie,1982,13,12,92.31
38,Devon,1982,460,501,91.82
39,Gentry,1982,22,24,91.67
40,Arden,1982,12,11,91.67
41,Jamara,1982,11,12,91.67
42,Sharone,1982,12,11,91.67
43,Stevie,1982,141,129,91.49
44,Kaylon,1982,11,10,90.91
45,Nieves,1982,10,11,90.91
46,Romaine,1982,11,10,90.91
47,Kalin,1982,18,20,90.0
48,Brit,1982,10,9,90.0
49,Hue,1982,10,9,90.0
50,Lannie,1982,9,10,90.0
1,Demetrice,1983,47,47,100.0
2,London,1983,27,27,100.0
3,Lorenza,1983,22,22,100.0
4,Ara,1983,19,19,100.0
5,Rio,1983,16,16,100.0
6,Hien,1983,14,14,100.0
7,Kalani,1983,12,12,100.0
8,Keshawn,1983,10,10,100.0
9,Tien,1983,10,10,100.0
10,Callen,1983,9,9,100.0
11,Jamine,1983,9,9,100.0
12,Kiah,1983,9,9,100.0
13,Rowan,1983,9,9,100.0
14,Sina,1983,9,9,100.0
15,Carrol,1983,8,8,100.0
16,Deane,1983,8,8,100.0
17,Gaylen,1983,8,8,100.0
18,Ellison,1983,7,7,100.0
19,Houa,1983,7,7,100.0
20,Jadrian,1983,7,7,100.0
21,Karel,1983,7,7,100.0
22,Keita,1983,7,7,100.0
23,Noa,1983,7,7,100.0
24,Shann,1983,7,7,100.0
25,Alyn,1983,6,6,100.0
26,Harpreet,1983,6,6,100.0
27,Hoai,1983,6,6,100.0
28,Karlin,1983,6,6,100.0
29,Shady,1983,6,6,100.0
30,Shaya,1983,6,6,100.0
31,Vandy,1983,6,6,100.0
32,Addy,1983,5,5,100.0
33,Berlin,1983,5,5,100.0
34,Cameran,1983,5,5,100.0
35,Claudie,1983,5,5,100.0
36,Dwann,1983,5,5,100.0
37,Garcia,1983,5,5,100.0
38,Jordi,1983,5,5,100.0
39,Kiernan,1983,5,5,100.0
40,Nhia,1983,5,5,100.0
41,Paz,1983,5,5,100.0
42,Yasha,1983,5,5,100.0
43,Kalin,1983,27,28,96.43
44,Isa,1983,18,19,94.74
45,Kendal,1983,64,68,94.12
46,Kendel,1983,16,17,94.12
47,Haven,1983,15,16,93.75
48,Montana,1983,15,16,93.75
49,Aries,1983,14,15,93.33
50,Jamelle,1983,15,14,93.33
1,Madison,1984,42,42,100.0
2,Remy,1984,26,26,100.0
3,Lou,1984,19,19,100.0
4,Jin,1984,12,12,100.0
5,Shaheen,1984,12,12,100.0
6,Sun,1984,12,12,100.0
7,Brittain,1984,9,9,100.0
8,Shady,1984,9,9,100.0
9,Kalei,1984,7,7,100.0
10,Mong,1984,7,7,100.0
11,Renell,1984,7,7,100.0
12,Shalin,1984,7,7,100.0
13,Ferris,1984,6,6,100.0
14,Jolan,1984,6,6,100.0
15,Kobie,1984,6,6,100.0
16,Lenzy,1984,6,6,100.0
17,Ramsay,1984,6,6,100.0
18,True,1984,6,6,100.0
19,Arlee,1984,5,5,100.0
20,Jerin,1984,5,5,100.0
21,Ji,1984,5,5,100.0
22,Kamari,1984,5,5,100.0
23,Ravinder,1984,5,5,100.0
24,Shawndell,1984,5,5,100.0
25,Marion,1984,169,165,97.63
26,Britt,1984,77,80,96.25
27,Alexi,1984,23,22,95.65
28,Cleo,1984,22,23,95.65
29,Elan,1984,43,41,95.35
30,Kalin,1984,20,19,95.0
31,Jere,1984,17,18,94.44
32,Devonne,1984,16,15,93.75
33,Arden,1984,15,14,93.33
34,Layne,1984,58,54,93.1
35,An,1984,25,23,92.0
36,Raynell,1984,12,11,91.67
37,Paris,1984,125,137,91.24
38,Callan,1984,10,11,90.91
39,Larkin,1984,11,10,90.91
40,Mischa,1984,11,10,90.91
41,Yee,1984,11,10,90.91
42,Kendall,1984,429,472,90.89
43,Jessie,1984,1096,992,90.51
44,Jourdan,1984,20,18,90.0
45,Mandeep,1984,10,9,90.0
46,Min,1984,10,9,90.0
47,Demetrice,1984,44,49,89.8
48,Kendel,1984,17,19,89.47
49,Chesley,1984,18,16,88.89
50,Jai,1984,18,16,88.89
1,Layne,1985,46,46,100.0
2,Larkin,1985,13,13,100.0
3,Kevyn,1985,12,12,100.0
4,Farris,1985,11,11,100.0
5,Ferris,1985,11,11,100.0
6,Aries,1985,9,9,100.0
7,Han,1985,9,9,100.0
8,Arien,1985,8,8,100.0
9,Austine,1985,8,8,100.0
10,Keshawn,1985,8,8,100.0
11,Ramey,1985,8,8,100.0
12,Salem,1985,8,8,100.0
13,Schyler,1985,8,8,100.0
14,Sherron,1985,8,8,100.0
15,Linn,1985,7,7,100.0
16,Mitchelle,1985,7,7,100.0
17,Sony,1985,7,7,100.0
18,Sung,1985,7,7,100.0
19,Truc,1985,7,7,100.0
20,Daley,1985,6,6,100.0
21,Dayle,1985,6,6,100.0
22,Keita,1985,6,6,100.0
23,Mirza,1985,6,6,100.0
24,Ronie,1985,6,6,100.0
25,Shin,1985,6,6,100.0
26,Trystan,1985,6,6,100.0
27,Ashland,1985,5,5,100.0
28,Charron,1985,5,5,100.0
29,Gaylen,1985,5,5,100.0
30,Lenell,1985,5,5,100.0
31,Ming,1985,5,5,100.0
32,Ratha,1985,5,5,100.0
33,Toshua,1985,5,5,100.0
34,Zia,1985,5,5,100.0
35,Jessie,1985,1131,1111,98.23
36,Carey,1985,170,175,97.14
37,Cagney,1985,30,31,96.77
38,Montana,1985,54,52,96.3
39,Arian,1985,27,26,96.3
40,Kendall,1985,466,447,95.92
41,Sage,1985,46,44,95.65
42,Alexi,1985,22,23,95.65
43,Ara,1985,21,22,95.45
44,Brittan,1985,18,19,94.74
45,Infant,1985,18,19,94.74
46,Chesley,1985,18,17,94.44
47,Britt,1985,67,71,94.37
48,Kao,1985,14,13,92.86
49,Nichola,1985,12,13,92.31
50,Charley,1985,50,46,92.0
1,Tai,1986,42,42,100.0
2,Rhyan,1986,23,23,100.0
3,Hoa,1986,15,15,100.0
4,Kodie,1986,13,13,100.0
5,Isa,1986,12,12,100.0
6,Shandon,1986,10,10,100.0
7,Chia,1986,9,9,100.0
8,Karlin,1986,9,9,100.0
9,Amory,1986,8,8,100.0
10,Brin,1986,8,8,100.0
11,Iram,1986,7,7,100.0
12,Sareth,1986,7,7,100.0
13,Shermaine,1986,7,7,100.0
14,Adeola,1986,6,6,100.0
15,Ayodele,1986,6,6,100.0
16,Denys,1986,6,6,100.0
17,Ki,1986,6,6,100.0
18,Landy,1986,6,6,100.0
19,Teren,1986,6,6,100.0
20,Cache,1986,5,5,100.0
21,Clancey,1986,5,5,100.0
22,Glennis,1986,5,5,100.0
23,Jaquin,1986,5,5,100.0
24,Navdeep,1986,5,5,100.0
25,Ryna,1986,5,5,100.0
26,Thayer,1986,5,5,100.0
27,Kendall,1986,511,509,99.61
28,Jaime,1986,1211,1218,99.43
29,Ali,1986,282,280,99.29
30,Marion,1986,164,162,98.78
31,Carey,1986,157,153,97.45
32,Parris,1986,26,25,96.15
33,Angel,1986,1648,1583,96.06
34,Marquette,1986,25,24,96.0
35,Merrill,1986,23,22,95.65
36,Loran,1986,20,21,95.24
37,Shaquan,1986,18,17,94.44
38,Blakely,1986,17,16,94.12
39,Montana,1986,43,46,93.48
40,Sage,1986,40,37,92.5
41,Lorenza,1986,25,23,92.0
42,Sol,1986,12,11,91.67
43,Wren,1986,12,11,91.67
44,Casey,1986,3761,3423,91.01
45,Codie,1986,55,50,90.91
46,Andree,1986,10,11,90.91
47,Remi,1986,10,11,90.91
48,Infant,1986,21,19,90.48
49,Rio,1986,19,21,90.48
50,Adrean,1986,9,10,90.0
1,Rhyan,1987,16,16,100.0
2,Natividad,1987,15,15,100.0
3,Dany,1987,14,14,100.0
4,Amando,1987,13,13,100.0
5,Lynell,1987,13,13,100.0
6,Keshawn,1987,12,12,100.0
7,Mykal,1987,10,10,100.0
8,Tarren,1987,10,10,100.0
9,Kailen,1987,9,9,100.0
10,Marlowe,1987,9,9,100.0
11,Brittain,1987,8,8,100.0
12,Austyn,1987,7,7,100.0
13,Chane,1987,7,7,100.0
14,Chantha,1987,7,7,100.0
15,Halen,1987,7,7,100.0
16,Hart,1987,7,7,100.0
17,Houa,1987,7,7,100.0
18,Khari,1987,7,7,100.0
19,Sharone,1987,7,7,100.0
20,Chung,1987,6,6,100.0
21,Deundra,1987,6,6,100.0
22,Dondi,1987,6,6,100.0
23,Kei,1987,6,6,100.0
24,Kelechi,1987,6,6,100.0
25,Mykell,1987,6,6,100.0
26,Perris,1987,6,6,100.0
27,Toy,1987,6,6,100.0
28,Tylee,1987,6,6,100.0
29,Ai,1987,5,5,100.0
30,Cheyene,1987,5,5,100.0
31,Currie,1987,5,5,100.0
32,Devinn,1987,5,5,100.0
33,Jentry,1987,5,5,100.0
34,Kylen,1987,5,5,100.0
35,Lakota,1987,5,5,100.0
36,Lannie,1987,5,5,100.0
37,Pier,1987,5,5,100.0
38,Rei,1987,5,5,100.0
39,Vandy,1987,5,5,100.0
40,Tristen,1987,63,62,98.41
41,Marlo,1987,36,37,97.3
42,Charley,1987,61,63,96.83
43,An,1987,25,24,96.0
44,Merritt,1987,24,23,95.83
45,Jessie,1987,1162,1221,95.17
46,Dwan,1987,19,18,94.74
47,Tal,1987,19,18,94.74
48,Parris,1987,37,35,94.59
49,Seneca,1987,15,16,93.75
50,Jaime,1987,1183,1108,93.66
1,Sloan,1988,29,29,100.0
2,Kodie,1988,24,24,100.0
3,Khristian,1988,13,13,100.0
4,Linden,1988,13,13,100.0
5,Dior,1988,12,12,100.0
6,Brittain,1988,11,11,100.0
7,Nichola,1988,10,10,100.0
8,Blaize,1988,9,9,100.0
9,Chantra,1988,9,9,100.0
10,Christien,1988,9,9,100.0
11,Evann,1988,9,9,100.0
12,Gale,1988,9,9,100.0
13,Golden,1988,9,9,100.0
14,Corinthian,1988,8,8,100.0
15,Georgie,1988,8,8,100.0
16,Luka,1988,8,8,100.0
17,Rathana,1988,8,8,100.0
18,Brand,1988,7,7,100.0
19,Callin,1988,7,7,100.0
20,Halsey,1988,7,7,100.0
21,Kenley,1988,7,7,100.0
22,Bayan,1988,6,6,100.0
23,Brin,1988,6,6,100.0
24,Coren,1988,6,6,100.0
25,Erice,1988,6,6,100.0
26,Jaquel,1988,6,6,100.0
27,Yardley,1988,6,6,100.0
28,Aeron,1988,5,5,100.0
29,Alexius,1988,5,5,100.0
30,Alin,1988,5,5,100.0
31,Bobbye,1988,5,5,100.0
32,Chaka,1988,5,5,100.0
33,Dorien,1988,5,5,100.0
34,Jobie,1988,5,5,100.0
35,Jonta,1988,5,5,100.0
36,Kimble,1988,5,5,100.0
37,Kylle,1988,5,5,100.0
38,Oluwatosin,1988,5,5,100.0
39,Parminder,1988,5,5,100.0
40,Shaton,1988,5,5,100.0
41,Trini,1988,5,5,100.0
42,Infant,1988,78,77,98.72
43,London,1988,72,71,98.61
44,Shea,1988,245,253,96.84
45,Marion,1988,168,175,96.0
46,Kary,1988,23,22,95.65
47,Remy,1988,40,38,95.0
48,Jaye,1988,20,19,95.0
49,Kaylon,1988,18,19,94.74
50,Layne,1988,50,53,94.34
1,Donelle,1989,16,16,100.0
2,Jimi,1989,16,16,100.0
3,Ellison,1989,15,15,100.0
4,Caron,1989,14,14,100.0
5,Le,1989,13,13,100.0
6,Alpha,1989,12,12,100.0
7,Chia,1989,12,12,100.0
8,Gurpreet,1989,12,12,100.0
9,Dannon,1989,10,10,100.0
10,Mena,1989,10,10,100.0
11,Shamari,1989,9,9,100.0
12,Nazareth,1989,8,8,100.0
13,Tailor,1989,8,8,100.0
14,Brittin,1989,7,7,100.0
15,Caylen,1989,7,7,100.0
16,Hartley,1989,7,7,100.0
17,Kiari,1989,7,7,100.0
18,Tobie,1989,7,7,100.0
19,Vandy,1989,7,7,100.0
20,Ayodele,1989,6,6,100.0
21,Kamerin,1989,6,6,100.0
22,Mical,1989,6,6,100.0
23,Ronie,1989,6,6,100.0
24,Shaylon,1989,6,6,100.0
25,Dela,1989,5,5,100.0
26,Dresden,1989,5,5,100.0
27,Gabby,1989,5,5,100.0
28,Gal,1989,5,5,100.0
29,Jadrian,1989,5,5,100.0
30,Jovoni,1989,5,5,100.0
31,Kalle,1989,5,5,100.0
32,Linnie,1989,5,5,100.0
33,Marshell,1989,5,5,100.0
34,Mirza,1989,5,5,100.0
35,Rathana,1989,5,5,100.0
36,Shawndell,1989,5,5,100.0
37,Tiernan,1989,5,5,100.0
38,Shay,1989,123,124,99.19
39,Jessie,1989,1133,1148,98.69
40,Marion,1989,149,152,98.03
41,Nicky,1989,29,30,96.67
42,Jacque,1989,29,28,96.55
43,Jody,1989,219,227,96.48
44,Infant,1989,376,392,95.92
45,Unknown,1989,262,251,95.8
46,Khristian,1989,20,21,95.24
47,Hollis,1989,41,39,95.12
48,Shea,1989,218,230,94.78
49,Chancey,1989,19,18,94.74
50,Akira,1989,28,30,93.33
1,Michal,1990,69,69,100.0
2,Layne,1990,68,68,100.0
3,Charley,1990,56,56,100.0
4,Adrean,1990,16,16,100.0
5,Yee,1990,16,16,100.0
6,Cameran,1990,14,14,100.0
7,Charon,1990,13,13,100.0
8,Lashon,1990,12,12,100.0
9,Rain,1990,12,12,100.0
10,Tierre,1990,11,11,100.0
11,Nickey,1990,10,10,100.0
12,Chane,1990,9,9,100.0
13,Eris,1990,9,9,100.0
14,Romy,1990,9,9,100.0
15,Delane,1990,8,8,100.0
16,Kodee,1990,8,8,100.0
17,Mykell,1990,8,8,100.0
18,Alpha,1990,7,7,100.0
19,Blakley,1990,7,7,100.0
20,Chalon,1990,7,7,100.0
21,Donyell,1990,7,7,100.0
22,Karel,1990,7,7,100.0
23,Mackenzy,1990,7,7,100.0
24,Saron,1990,7,7,100.0
25,Alexy,1990,6,6,100.0
26,Avante,1990,6,6,100.0
27,Blayke,1990,6,6,100.0
28,Cache,1990,6,6,100.0
29,Jehan,1990,6,6,100.0
30,Karry,1990,6,6,100.0
31,Kindell,1990,6,6,100.0
32,Lashun,1990,6,6,100.0
33,Ayan,1990,5,5,100.0
34,Azriel,1990,5,5,100.0
35,Hardeep,1990,5,5,100.0
36,Jann,1990,5,5,100.0
37,Kiyoshi,1990,5,5,100.0
38,Landy,1990,5,5,100.0
39,Rynn,1990,5,5,100.0
40,Sopheap,1990,5,5,100.0
41,Tay,1990,5,5,100.0
42,True,1990,5,5,100.0
43,Carlin,1990,46,45,97.83
44,Hollis,1990,44,45,97.78
45,Infant,1990,596,580,97.32
46,Kirby,1990,167,162,97.01
47,Laramie,1990,31,30,96.77
48,Shea,1990,221,229,96.51
49,Arin,1990,41,43,95.35
50,Tai,1990,36,38,94.74
1,Chesley,1991,16,16,100.0
2,Kenley,1991,15,15,100.0
3,Terin,1991,15,15,100.0
4,Shamari,1991,12,12,100.0
5,Koree,1991,11,11,100.0
6,Mackenzy,1991,11,11,100.0
7,Aarion,1991,10,10,100.0
8,Yu,1991,10,10,100.0
9,Aly,1991,9,9,100.0
10,Doninique,1991,9,9,100.0
11,Eri,1991,9,9,100.0
12,Kamrin,1991,8,8,100.0
13,Lai,1991,8,8,100.0
14,Caylan,1991,7,7,100.0
15,Jung,1991,7,7,100.0
16,Kaelen,1991,7,7,100.0
17,Kelin,1991,7,7,100.0
18,Merlyn,1991,7,7,100.0
19,Shajuan,1991,7,7,100.0
20,Ying,1991,7,7,100.0
21,Chapin,1991,6,6,100.0
22,Damari,1991,6,6,100.0
23,Hyun,1991,6,6,100.0
24,Jaqua,1991,6,6,100.0
25,Kairee,1991,6,6,100.0
26,Mical,1991,6,6,100.0
27,Rama,1991,6,6,100.0
28,Tone,1991,6,6,100.0
29,Toy,1991,6,6,100.0
30,Alexiz,1991,5,5,100.0
31,Arias,1991,5,5,100.0
32,Criston,1991,5,5,100.0
33,Dallis,1991,5,5,100.0
34,Dannon,1991,5,5,100.0
35,Devry,1991,5,5,100.0
36,Elya,1991,5,5,100.0
37,Finley,1991,5,5,100.0
38,Garnet,1991,5,5,100.0
39,Jacquis,1991,5,5,100.0
40,Jerrin,1991,5,5,100.0
41,Jesie,1991,5,5,100.0
42,Leor,1991,5,5,100.0
43,Mackie,1991,5,5,100.0
44,Oriel,1991,5,5,100.0
45,Seena,1991,5,5,100.0
46,Taylin,1991,5,5,100.0
47,Dominque,1991,220,221,99.55
48,Michal,1991,58,59,98.31
49,Charley,1991,50,51,98.04
50,Marlo,1991,31,32,96.88
1,Kiran,1992,25,25,100.0
2,Rhyan,1992,22,22,100.0
3,Jazz,1992,21,21,100.0
4,Merrill,1992,19,19,100.0
5,Sol,1992,17,17,100.0
6,Salem,1992,15,15,100.0
7,Ashby,1992,14,14,100.0
8,Dallis,1992,13,13,100.0
9,Kyri,1992,12,12,100.0
10,Domnique,1992,11,11,100.0
11,Dung,1992,11,11,100.0
12,Indiana,1992,11,11,100.0
13,Jaye,1992,11,11,100.0
14,Kerby,1992,11,11,100.0
15,Jaryn,1992,10,10,100.0
16,Amrit,1992,9,9,100.0
17,Jonel,1992,9,9,100.0
18,Nery,1992,9,9,100.0
19,Fontaine,1992,8,8,100.0
20,Germany,1992,8,8,100.0
21,Golden,1992,8,8,100.0
22,Ki,1992,8,8,100.0
23,Mena,1992,8,8,100.0
24,Royale,1992,8,8,100.0
25,Cobi,1992,7,7,100.0
26,Jourden,1992,7,7,100.0
27,Kamerin,1992,7,7,100.0
28,Nazareth,1992,7,7,100.0
29,Shiva,1992,7,7,100.0
30,Danyal,1992,6,6,100.0
31,Darean,1992,6,6,100.0
32,Demaris,1992,6,6,100.0
33,Jamille,1992,6,6,100.0
34,Jaydee,1992,6,6,100.0
35,Olamide,1992,6,6,100.0
36,Unk,1992,6,6,100.0
37,Arshia,1992,5,5,100.0
38,Damari,1992,5,5,100.0
39,Devyne,1992,5,5,100.0
40,Domineque,1992,5,5,100.0
41,Donye,1992,5,5,100.0
42,Elya,1992,5,5,100.0
43,Kyel,1992,5,5,100.0
44,Lenzy,1992,5,5,100.0
45,Oluwaseun,1992,5,5,100.0
46,Romi,1992,5,5,100.0
47,Saron,1992,5,5,100.0
48,Sayre,1992,5,5,100.0
49,Terre,1992,5,5,100.0
50,Wai,1992,5,5,100.0
1,Sunny,1993,82,82,100.0
2,Bao,1993,29,29,100.0
3,Kamari,1993,19,19,100.0
4,Kareen,1993,19,19,100.0
5,Chee,1993,18,18,100.0
6,Larkin,1993,16,16,100.0
7,Shaya,1993,15,15,100.0
8,Daryan,1993,14,14,100.0
9,Coree,1993,13,13,100.0
10,Halen,1993,12,12,100.0
11,Danell,1993,11,11,100.0
12,Dior,1993,11,11,100.0
13,Taji,1993,11,11,100.0
14,Emon,1993,10,10,100.0
15,Eri,1993,10,10,100.0
16,Jaiden,1993,10,10,100.0
17,Kallen,1993,10,10,100.0
18,Kelechi,1993,10,10,100.0
19,Lael,1993,10,10,100.0
20,Blayke,1993,9,9,100.0
21,Brecken,1993,9,9,100.0
22,Haiden,1993,9,9,100.0
23,Jaelin,1993,9,9,100.0
24,Puneet,1993,9,9,100.0
25,Tierre,1993,9,9,100.0
26,Mirza,1993,8,8,100.0
27,Natale,1993,8,8,100.0
28,Ramie,1993,8,8,100.0
29,Taje,1993,8,8,100.0
30,Mical,1993,7,7,100.0
31,Shevon,1993,7,7,100.0
32,Tovia,1993,7,7,100.0
33,Tylin,1993,7,7,100.0
34,Adell,1993,6,6,100.0
35,Ayodele,1993,6,6,100.0
36,Brae,1993,6,6,100.0
37,Camerin,1993,6,6,100.0
38,Falcon,1993,6,6,100.0
39,Jacquise,1993,6,6,100.0
40,Kindell,1993,6,6,100.0
41,Nike,1993,6,6,100.0
42,Tieler,1993,6,6,100.0
43,Cagney,1993,5,5,100.0
44,Cordney,1993,5,5,100.0
45,Darean,1993,5,5,100.0
46,Darein,1993,5,5,100.0
47,Disney,1993,5,5,100.0
48,Harvest,1993,5,5,100.0
49,Ji,1993,5,5,100.0
50,Johari,1993,5,5,100.0
1,Remy,1994,63,63,100.0
2,Kendel,1994,28,28,100.0
3,Alaa,1994,24,24,100.0
4,Merrill,1994,16,16,100.0
5,Adison,1994,15,15,100.0
6,Tajee,1994,13,13,100.0
7,Mayson,1994,12,12,100.0
8,Mykael,1994,11,11,100.0
9,Hien,1994,10,10,100.0
10,Aarin,1994,9,9,100.0
11,Alexiz,1994,9,9,100.0
12,Ja,1994,9,9,100.0
13,Shakel,1994,9,9,100.0
14,Shylo,1994,9,9,100.0
15,Alee,1994,8,8,100.0
16,Chanler,1994,8,8,100.0
17,Dung,1994,8,8,100.0
18,Feliz,1994,8,8,100.0
19,Germany,1994,8,8,100.0
20,Hadyn,1994,8,8,100.0
21,Kylin,1994,8,8,100.0
22,Rayn,1994,8,8,100.0
23,Shyler,1994,8,8,100.0
24,Davionne,1994,7,7,100.0
25,Devery,1994,7,7,100.0
26,Kamerin,1994,7,7,100.0
27,Kindell,1994,7,7,100.0
28,Navjot,1994,7,7,100.0
29,Reily,1994,7,7,100.0
30,Shamere,1994,7,7,100.0
31,Ajene,1994,6,6,100.0
32,Andersen,1994,6,6,100.0
33,Angell,1994,6,6,100.0
34,Aquarius,1994,6,6,100.0
35,Bevin,1994,6,6,100.0
36,Dorsey,1994,6,6,100.0
37,Evian,1994,6,6,100.0
38,Indy,1994,6,6,100.0
39,Jimmi,1994,6,6,100.0
40,Laray,1994,6,6,100.0
41,Lashun,1994,6,6,100.0
42,Ming,1994,6,6,100.0
43,Shawnell,1994,6,6,100.0
44,Dann,1994,5,5,100.0
45,Darrelle,1994,5,5,100.0
46,Deondrea,1994,5,5,100.0
47,Elya,1994,5,5,100.0
48,Jourden,1994,5,5,100.0
49,Khrystian,1994,5,5,100.0
50,Mikele,1994,5,5,100.0
1,Carey,1995,73,73,100.0
2,Maison,1995,26,26,100.0
3,Ashby,1995,16,16,100.0
4,Kao,1995,15,15,100.0
5,Trystin,1995,13,13,100.0
6,Royale,1995,12,12,100.0
7,Kamani,1995,11,11,100.0
8,Kamerin,1995,10,10,100.0
9,Sheron,1995,10,10,100.0
10,Amel,1995,9,9,100.0
11,Brae,1995,9,9,100.0
12,Darean,1995,9,9,100.0
13,Mykael,1995,9,9,100.0
14,Taris,1995,9,9,100.0
15,Corley,1995,8,8,100.0
16,Kellin,1995,8,8,100.0
17,Shevon,1995,8,8,100.0
18,Demaria,1995,7,7,100.0
19,Kailon,1995,7,7,100.0
20,Nakota,1995,7,7,100.0
21,Raynell,1995,7,7,100.0
22,Rivers,1995,7,7,100.0
23,Sully,1995,7,7,100.0
24,Tian,1995,7,7,100.0
25,Valen,1995,7,7,100.0
26,Abir,1995,6,6,100.0
27,Jamile,1995,6,6,100.0
28,Johari,1995,6,6,100.0
29,Meko,1995,6,6,100.0
30,Shaquell,1995,6,6,100.0
31,Tennessee,1995,6,6,100.0
32,Terrace,1995,6,6,100.0
33,Aundra,1995,5,5,100.0
34,Breshawn,1995,5,5,100.0
35,Cayle,1995,5,5,100.0
36,Demaree,1995,5,5,100.0
37,Haeden,1995,5,5,100.0
38,Jasiah,1995,5,5,100.0
39,Jasmeet,1995,5,5,100.0
40,Jehan,1995,5,5,100.0
41,Jersey,1995,5,5,100.0
42,Kang,1995,5,5,100.0
43,Masyn,1995,5,5,100.0
44,Miciah,1995,5,5,100.0
45,Nieves,1995,5,5,100.0
46,Quinta,1995,5,5,100.0
47,Tone,1995,5,5,100.0
48,Casey,1995,2629,2638,99.66
49,Rio,1995,46,45,97.83
50,Darrian,1995,148,144,97.3
1,Unknown,1996,53,53,100.0
2,Christan,1996,33,33,100.0
3,Cedar,1996,19,19,100.0
4,Bao,1996,16,16,100.0
5,Clancy,1996,15,15,100.0
6,Cairo,1996,13,13,100.0
7,Korbyn,1996,13,13,100.0
8,Aquarius,1996,11,11,100.0
9,Hien,1996,11,11,100.0
10,Loran,1996,11,11,100.0
11,Mykelti,1996,11,11,100.0
12,Aarion,1996,9,9,100.0
13,Chayne,1996,9,9,100.0
14,Ramey,1996,9,9,100.0
15,Taje,1996,9,9,100.0
16,Chae,1996,8,8,100.0
17,Chandlar,1996,8,8,100.0
18,Hartley,1996,8,8,100.0
19,Davionne,1996,7,7,100.0
20,Dejan,1996,7,7,100.0
21,Donshay,1996,7,7,100.0
22,Donyea,1996,7,7,100.0
23,Kameren,1996,7,7,100.0
24,Maxie,1996,7,7,100.0
25,Miko,1996,7,7,100.0
26,Sheron,1996,7,7,100.0
27,Brelyn,1996,6,6,100.0
28,Cai,1996,6,6,100.0
29,Kaymen,1996,6,6,100.0
30,Mendy,1996,6,6,100.0
31,Tian,1996,6,6,100.0
32,Aleksey,1996,5,5,100.0
33,Ashtan,1996,5,5,100.0
34,Avory,1996,5,5,100.0
35,Brit,1996,5,5,100.0
36,Dai,1996,5,5,100.0
37,Darcel,1996,5,5,100.0
38,Emanuelle,1996,5,5,100.0
39,Gabreil,1996,5,5,100.0
40,Jamille,1996,5,5,100.0
41,Jaquese,1996,5,5,100.0
42,Kennie,1996,5,5,100.0
43,Macauley,1996,5,5,100.0
44,Seena,1996,5,5,100.0
45,Shaune,1996,5,5,100.0
46,Skiler,1996,5,5,100.0
47,Taler,1996,5,5,100.0
48,Xzavia,1996,5,5,100.0
49,Yared,1996,5,5,100.0
50,Milan,1996,91,90,98.9
1,Kenyatta,1997,66,66,100.0
2,Carsen,1997,24,24,100.0
3,Jazz,1997,24,24,100.0
4,Baley,1997,21,21,100.0
5,Graysen,1997,18,18,100.0
6,Cameran,1997,17,17,100.0
7,Lashaun,1997,13,13,100.0
8,Chesley,1997,12,12,100.0
9,Dee,1997,12,12,100.0
10,Arien,1997,10,10,100.0
11,Carlyle,1997,10,10,100.0
12,Chastin,1997,10,10,100.0
13,Mishael,1997,10,10,100.0
14,Davine,1997,9,9,100.0
15,Miciah,1997,9,9,100.0
16,Chi,1997,8,8,100.0
17,Saman,1997,8,8,100.0
18,Yu,1997,8,8,100.0
19,Bijon,1997,7,7,100.0
20,Denys,1997,7,7,100.0
21,Deundra,1997,7,7,100.0
22,Gaelen,1997,7,7,100.0
23,Kerrington,1997,7,7,100.0
24,Lasean,1997,7,7,100.0
25,Alishah,1997,6,6,100.0
26,Asheton,1997,6,6,100.0
27,Barrie,1997,6,6,100.0
28,Daylyn,1997,6,6,100.0
29,Dyan,1997,6,6,100.0
30,Jianni,1997,6,6,100.0
31,Kehinde,1997,6,6,100.0
32,Masyn,1997,6,6,100.0
33,Reda,1997,6,6,100.0
34,Shandy,1997,6,6,100.0
35,Sully,1997,6,6,100.0
36,Amadi,1997,5,5,100.0
37,Amory,1997,5,5,100.0
38,Aslan,1997,5,5,100.0
39,Averey,1997,5,5,100.0
40,Baraa,1997,5,5,100.0
41,Brittin,1997,5,5,100.0
42,Chianti,1997,5,5,100.0
43,Danell,1997,5,5,100.0
44,Fate,1997,5,5,100.0
45,Kahri,1997,5,5,100.0
46,Kalijah,1997,5,5,100.0
47,Kimoni,1997,5,5,100.0
48,Malon,1997,5,5,100.0
49,Sameen,1997,5,5,100.0
50,Shantez,1997,5,5,100.0
1,Carsen,1998,35,35,100.0
2,Shadow,1998,19,19,100.0
3,Adi,1998,18,18,100.0
4,Chancey,1998,17,17,100.0
5,Jaryn,1998,17,17,100.0
6,Shaya,1998,17,17,100.0
7,Donyea,1998,14,14,100.0
8,Caylen,1998,12,12,100.0
9,Neftaly,1998,12,12,100.0
10,Rajah,1998,12,12,100.0
11,Alexx,1998,11,11,100.0
12,Kriston,1998,11,11,100.0
13,Le,1998,11,11,100.0
14,Taite,1998,11,11,100.0
15,Ahmari,1998,10,10,100.0
16,Ayomide,1998,10,10,100.0
17,Jayln,1998,10,10,100.0
18,Kelin,1998,10,10,100.0
19,Kemoni,1998,9,9,100.0
20,Mandeep,1998,9,9,100.0
21,Abir,1998,8,8,100.0
22,Breshawn,1998,8,8,100.0
23,Coree,1998,8,8,100.0
24,Delane,1998,8,8,100.0
25,Evon,1998,8,8,100.0
26,Lior,1998,8,8,100.0
27,Tamari,1998,8,8,100.0
28,Zyan,1998,8,8,100.0
29,Atlee,1998,7,7,100.0
30,Mar,1998,7,7,100.0
31,Morgon,1998,7,7,100.0
32,Rameen,1998,7,7,100.0
33,Temitope,1998,7,7,100.0
34,Aquarius,1998,6,6,100.0
35,Bryse,1998,6,6,100.0
36,Chapin,1998,6,6,100.0
37,Dee,1998,6,6,100.0
38,Denys,1998,6,6,100.0
39,Donyell,1998,6,6,100.0
40,Ja,1998,6,6,100.0
41,Jasdeep,1998,6,6,100.0
42,Jersey,1998,6,6,100.0
43,Khanh,1998,6,6,100.0
44,Lynell,1998,6,6,100.0
45,Nihal,1998,6,6,100.0
46,Rossi,1998,6,6,100.0
47,Dezi,1998,5,5,100.0
48,Dhani,1998,5,5,100.0
49,Gaylen,1998,5,5,100.0
50,Izel,1998,5,5,100.0
1,Armoni,1999,38,38,100.0
2,Kolbie,1999,22,22,100.0
3,Daryan,1999,18,18,100.0
4,Kareen,1999,13,13,100.0
5,Amory,1999,11,11,100.0
6,Ramey,1999,11,11,100.0
7,Raylen,1999,11,11,100.0
8,Tyjae,1999,11,11,100.0
9,Dasani,1999,9,9,100.0
10,Justise,1999,9,9,100.0
11,Olamide,1999,9,9,100.0
12,Rei,1999,9,9,100.0
13,Valen,1999,9,9,100.0
14,Ayodele,1999,8,8,100.0
15,Giani,1999,8,8,100.0
16,Maeson,1999,8,8,100.0
17,Mandeep,1999,8,8,100.0
18,Teddie,1999,8,8,100.0
19,Ajene,1999,7,7,100.0
20,Giavanni,1999,7,7,100.0
21,Jamai,1999,7,7,100.0
22,Jaydee,1999,7,7,100.0
23,Jaydyn,1999,7,7,100.0
24,Aijalon,1999,6,6,100.0
25,Amadi,1999,6,6,100.0
26,Brenn,1999,6,6,100.0
27,Dacotah,1999,6,6,100.0
28,Gursimran,1999,6,6,100.0
29,Hikaru,1999,6,6,100.0
30,Jacquel,1999,6,6,100.0
31,Kemonie,1999,6,6,100.0
32,Majestic,1999,6,6,100.0
33,Ravion,1999,6,6,100.0
34,Renny,1999,6,6,100.0
35,Shion,1999,6,6,100.0
36,Tahje,1999,6,6,100.0
37,Unkown,1999,6,6,100.0
38,Aby,1999,5,5,100.0
39,Brandis,1999,5,5,100.0
40,Coren,1999,5,5,100.0
41,Dorean,1999,5,5,100.0
42,Kaydin,1999,5,5,100.0
43,Lynell,1999,5,5,100.0
44,Malin,1999,5,5,100.0
45,Michah,1999,5,5,100.0
46,Nakoma,1999,5,5,100.0
47,Nikel,1999,5,5,100.0
48,Psalm,1999,5,5,100.0
49,Rane,1999,5,5,100.0
50,Ridwan,1999,5,5,100.0
1,Jae,2000,26,26,100.0
2,An,2000,24,24,100.0
3,Jireh,2000,21,21,100.0
4,Drue,2000,20,20,100.0
5,Hadyn,2000,18,18,100.0
6,Mylan,2000,16,16,100.0
7,Alexiz,2000,14,14,100.0
8,Avory,2000,13,13,100.0
9,Rajah,2000,11,11,100.0
10,Chesley,2000,10,10,100.0
11,Mendy,2000,10,10,100.0
12,Randie,2000,10,10,100.0
13,Tahjae,2000,10,10,100.0
14,Ahmari,2000,9,9,100.0
15,Amanpreet,2000,9,9,100.0
16,Arshia,2000,9,9,100.0
17,Coree,2000,9,9,100.0
18,Danell,2000,9,9,100.0
19,Davionne,2000,9,9,100.0
20,Maclaine,2000,9,9,100.0
21,Reign,2000,8,8,100.0
22,Ricci,2000,8,8,100.0
23,Wen,2000,8,8,100.0
24,Amory,2000,7,7,100.0
25,Chi,2000,7,7,100.0
26,Kazi,2000,7,7,100.0
27,Kenyada,2000,7,7,100.0
28,Krisna,2000,7,7,100.0
29,Rmani,2000,7,7,100.0
30,Brandis,2000,6,6,100.0
31,Bren,2000,6,6,100.0
32,Caton,2000,6,6,100.0
33,Corley,2000,6,6,100.0
34,Erlin,2000,6,6,100.0
35,Keni,2000,6,6,100.0
36,Lynell,2000,6,6,100.0
37,Mccartney,2000,6,6,100.0
38,Nakai,2000,6,6,100.0
39,Ravion,2000,6,6,100.0
40,Shamone,2000,6,6,100.0
41,Tyan,2000,6,6,100.0
42,Yona,2000,6,6,100.0
43,Blu,2000,5,5,100.0
44,Cambell,2000,5,5,100.0
45,Carlyle,2000,5,5,100.0
46,Chyler,2000,5,5,100.0
47,Harlem,2000,5,5,100.0
48,Hyatt,2000,5,5,100.0
49,Jashan,2000,5,5,100.0
50,Javae,2000,5,5,100.0
1,Ashten,2001,32,32,100.0
2,Bergen,2001,24,24,100.0
3,Arlen,2001,23,23,100.0
4,Dannie,2001,18,18,100.0
5,Miciah,2001,18,18,100.0
6,Ashby,2001,17,17,100.0
7,Koren,2001,14,14,100.0
8,Dior,2001,12,12,100.0
9,Tajae,2001,12,12,100.0
10,Donyea,2001,11,11,100.0
11,Shady,2001,11,11,100.0
12,Jaye,2001,10,10,100.0
13,Asanti,2001,9,9,100.0
14,Atley,2001,9,9,100.0
15,Brittain,2001,9,9,100.0
16,Jadis,2001,9,9,100.0
17,Kemoni,2001,9,9,100.0
18,Madden,2001,9,9,100.0
19,Mclain,2001,9,9,100.0
20,Taje,2001,9,9,100.0
21,Salam,2001,8,8,100.0
22,Abir,2001,7,7,100.0
23,Aleksi,2001,7,7,100.0
24,Hamdi,2001,7,7,100.0
25,Jeryn,2001,7,7,100.0
26,Kennis,2001,7,7,100.0
27,Mahari,2001,7,7,100.0
28,Malone,2001,7,7,100.0
29,Perris,2001,7,7,100.0
30,Taygen,2001,7,7,100.0
31,Terin,2001,7,7,100.0
32,Channon,2001,6,6,100.0
33,Deundra,2001,6,6,100.0
34,Jaz,2001,6,6,100.0
35,Jie,2001,6,6,100.0
36,Kaydan,2001,6,6,100.0
37,Sharan,2001,6,6,100.0
38,Adisa,2001,5,5,100.0
39,Alfa,2001,5,5,100.0
40,Caidyn,2001,5,5,100.0
41,Chimere,2001,5,5,100.0
42,Cinsere,2001,5,5,100.0
43,Dmani,2001,5,5,100.0
44,Haddy,2001,5,5,100.0
45,Kierre,2001,5,5,100.0
46,Massiah,2001,5,5,100.0
47,Olayinka,2001,5,5,100.0
48,Rajae,2001,5,5,100.0
49,Rhyse,2001,5,5,100.0
50,Rilley,2001,5,5,100.0
1,Landry,2002,71,71,100.0
2,Kimani,2002,45,45,100.0
3,Daryn,2002,40,40,100.0
4,Jaidan,2002,32,32,100.0
5,Kolbie,2002,23,23,100.0
6,Schyler,2002,23,23,100.0
7,Drue,2002,17,17,100.0
8,Yu,2002,17,17,100.0
9,Jaire,2002,16,16,100.0
10,Andree,2002,14,14,100.0
11,Cayce,2002,14,14,100.0
12,Jaziah,2002,14,14,100.0
13,Tyjae,2002,13,13,100.0
14,Avry,2002,12,12,100.0
15,Rei,2002,12,12,100.0
16,Talor,2002,12,12,100.0
17,Khali,2002,11,11,100.0
18,Miko,2002,11,11,100.0
19,Dayan,2002,10,10,100.0
20,Daylyn,2002,10,10,100.0
21,Golden,2002,10,10,100.0
22,Naziah,2002,10,10,100.0
23,Callaway,2002,9,9,100.0
24,Caton,2002,9,9,100.0
25,Ellington,2002,9,9,100.0
26,Haylen,2002,9,9,100.0
27,Jamille,2002,9,9,100.0
28,Malin,2002,9,9,100.0
29,Matisse,2002,9,9,100.0
30,Chai,2002,7,7,100.0
31,Jasiyah,2002,7,7,100.0
32,Lan,2002,7,7,100.0
33,Puneet,2002,7,7,100.0
34,Rane,2002,7,7,100.0
35,Robbin,2002,7,7,100.0
36,Saman,2002,7,7,100.0
37,Adriene,2002,6,6,100.0
38,Amarea,2002,6,6,100.0
39,Ashtan,2002,6,6,100.0
40,Cailen,2002,6,6,100.0
41,Carlen,2002,6,6,100.0
42,Haydyn,2002,6,6,100.0
43,Jahzeel,2002,6,6,100.0
44,Karey,2002,6,6,100.0
45,Zaide,2002,6,6,100.0
46,Caziah,2002,5,5,100.0
47,Future,2002,5,5,100.0
48,Hikaru,2002,5,5,100.0
49,Jamoni,2002,5,5,100.0
50,Jermani,2002,5,5,100.0
1,Justice,2003,665,665,100.0
2,Baby,2003,245,245,100.0
3,Caelan,2003,75,75,100.0
4,Chayse,2003,47,47,100.0
5,Amaree,2003,45,45,100.0
6,Roni,2003,28,28,100.0
7,Shaya,2003,28,28,100.0
8,Iran,2003,27,27,100.0
9,Graysen,2003,21,21,100.0
10,Jazz,2003,21,21,100.0
11,Shilo,2003,16,16,100.0
12,Aarya,2003,14,14,100.0
13,Alexiz,2003,14,14,100.0
14,Chayanne,2003,14,14,100.0
15,Dacota,2003,14,14,100.0
16,Yu,2003,14,14,100.0
17,Dayan,2003,13,13,100.0
18,Omega,2003,12,12,100.0
19,Sina,2003,12,12,100.0
20,Evon,2003,11,11,100.0
21,Lou,2003,10,10,100.0
22,Teigan,2003,10,10,100.0
23,Diamante,2003,9,9,100.0
24,Kelin,2003,9,9,100.0
25,Natividad,2003,9,9,100.0
26,Truth,2003,9,9,100.0
27,Yuval,2003,9,9,100.0
28,Daylyn,2003,8,8,100.0
29,Peja,2003,8,8,100.0
30,Skyeler,2003,8,8,100.0
31,Tashi,2003,8,8,100.0
32,Harsha,2003,7,7,100.0
33,Jahzeel,2003,7,7,100.0
34,Jimin,2003,7,7,100.0
35,Jovi,2003,7,7,100.0
36,Lamari,2003,7,7,100.0
37,Manvir,2003,7,7,100.0
38,Rossi,2003,7,7,100.0
39,Airen,2003,6,6,100.0
40,Cashe,2003,6,6,100.0
41,Chae,2003,6,6,100.0
42,Delijah,2003,6,6,100.0
43,Rhythm,2003,6,6,100.0
44,Sekai,2003,6,6,100.0
45,Sharan,2003,6,6,100.0
46,Skylier,2003,6,6,100.0
47,Wen,2003,6,6,100.0
48,Addis,2003,5,5,100.0
49,Aquila,2003,5,5,100.0
50,Breshawn,2003,5,5,100.0
1,Tory,2004,66,66,100.0
2,Carlin,2004,37,37,100.0
3,Emari,2004,34,34,100.0
4,True,2004,23,23,100.0
5,Samar,2004,22,22,100.0
6,Jazz,2004,18,18,100.0
7,Raja,2004,17,17,100.0
8,Rudi,2004,14,14,100.0
9,Stephane,2004,14,14,100.0
10,Rei,2004,13,13,100.0
11,Koree,2004,12,12,100.0
12,Talin,2004,12,12,100.0
13,Caton,2004,11,11,100.0
14,Merrill,2004,11,11,100.0
15,Harnoor,2004,9,9,100.0
16,Jahni,2004,9,9,100.0
17,Pasha,2004,9,9,100.0
18,Fortune,2004,8,8,100.0
19,Jarae,2004,8,8,100.0
20,Manpreet,2004,8,8,100.0
21,Schylar,2004,8,8,100.0
22,Adeola,2004,7,7,100.0
23,Adlai,2004,7,7,100.0
24,Jamaris,2004,7,7,100.0
25,Jorryn,2004,7,7,100.0
26,Psalm,2004,7,7,100.0
27,Wen,2004,7,7,100.0
28,Aamari,2004,6,6,100.0
29,Colbie,2004,6,6,100.0
30,Connelly,2004,6,6,100.0
31,Dekoda,2004,6,6,100.0
32,Graison,2004,6,6,100.0
33,Jaloni,2004,6,6,100.0
34,Kamarri,2004,6,6,100.0
35,Manmeet,2004,6,6,100.0
36,Peniel,2004,6,6,100.0
37,Rhylan,2004,6,6,100.0
38,Vishwa,2004,6,6,100.0
39,Amanpreet,2004,5,5,100.0
40,Areen,2004,5,5,100.0
41,Armanie,2004,5,5,100.0
42,Austine,2004,5,5,100.0
43,Denym,2004,5,5,100.0
44,Graceson,2004,5,5,100.0
45,Ibukunoluwa,2004,5,5,100.0
46,Itamar,2004,5,5,100.0
47,Jasmeet,2004,5,5,100.0
48,Jere,2004,5,5,100.0
49,Karry,2004,5,5,100.0
50,Kashmir,2004,5,5,100.0
1,Tristyn,2005,85,85,100.0
2,Sammie,2005,26,26,100.0
3,True,2005,26,26,100.0
4,Anmol,2005,18,18,100.0
5,Donyae,2005,16,16,100.0
6,Jailin,2005,16,16,100.0
7,Cree,2005,12,12,100.0
8,Mackinley,2005,11,11,100.0
9,Oluwaseyi,2005,11,11,100.0
10,Cashmere,2005,10,10,100.0
11,Diamante,2005,10,10,100.0
12,Oluwaseun,2005,10,10,100.0
13,Sina,2005,10,10,100.0
14,Temiloluwa,2005,9,9,100.0
15,Zaylin,2005,9,9,100.0
16,Devyne,2005,8,8,100.0
17,Jlyn,2005,8,8,100.0
18,Lanell,2005,8,8,100.0
19,Martine,2005,8,8,100.0
20,Zaiah,2005,8,8,100.0
21,Austine,2005,7,7,100.0
22,Reice,2005,7,7,100.0
23,Sanay,2005,7,7,100.0
24,Shalon,2005,7,7,100.0
25,Brylyn,2005,6,6,100.0
26,Callaghan,2005,6,6,100.0
27,Deshay,2005,6,6,100.0
28,Jadyne,2005,6,6,100.0
29,Jodeci,2005,6,6,100.0
30,Kahlin,2005,6,6,100.0
31,Oluwanifemi,2005,6,6,100.0
32,Reise,2005,6,6,100.0
33,Aamari,2005,5,5,100.0
34,Abyan,2005,5,5,100.0
35,Avyn,2005,5,5,100.0
36,Brittin,2005,5,5,100.0
37,Chen,2005,5,5,100.0
38,Fate,2005,5,5,100.0
39,Ja,2005,5,5,100.0
40,Jermany,2005,5,5,100.0
41,Jewelz,2005,5,5,100.0
42,Joany,2005,5,5,100.0
43,Juni,2005,5,5,100.0
44,Mylin,2005,5,5,100.0
45,Natale,2005,5,5,100.0
46,Neziah,2005,5,5,100.0
47,Patterson,2005,5,5,100.0
48,Perris,2005,5,5,100.0
49,Racine,2005,5,5,100.0
50,Rilley,2005,5,5,100.0
1,Tegan,2006,145,145,100.0
2,Aries,2006,78,78,100.0
3,Monroe,2006,32,32,100.0
4,Avry,2006,31,31,100.0
5,Danyel,2006,24,24,100.0
6,Cypress,2006,18,18,100.0
7,Ollie,2006,18,18,100.0
8,Abrar,2006,17,17,100.0
9,Han,2006,17,17,100.0
10,Kamarie,2006,14,14,100.0
11,Avory,2006,13,13,100.0
12,Kolbie,2006,13,13,100.0
13,Tiegan,2006,13,13,100.0
14,Taygen,2006,12,12,100.0
15,Amarri,2006,11,11,100.0
16,Braelin,2006,11,11,100.0
17,Kayde,2006,11,11,100.0
18,Cayle,2006,10,10,100.0
19,Kayl,2006,10,10,100.0
20,Mauri,2006,10,10,100.0
21,Tagen,2006,10,10,100.0
22,Yona,2006,10,10,100.0
23,Janari,2006,9,9,100.0
24,Oluwanifemi,2006,9,9,100.0
25,Amanti,2006,8,8,100.0
26,Amaziah,2006,8,8,100.0
27,Bless,2006,8,8,100.0
28,Eastyn,2006,8,8,100.0
29,Jessey,2006,8,8,100.0
30,Rei,2006,8,8,100.0
31,Fortune,2006,7,7,100.0
32,Iasiah,2006,7,7,100.0
33,Jaskirat,2006,7,7,100.0
34,Oluwadamilola,2006,7,7,100.0
35,Semaje,2006,7,7,100.0
36,Tashi,2006,7,7,100.0
37,Adalid,2006,6,6,100.0
38,Deondrea,2006,6,6,100.0
39,Emeril,2006,6,6,100.0
40,Happy,2006,6,6,100.0
41,Jeylan,2006,6,6,100.0
42,Mackie,2006,6,6,100.0
43,Naphtali,2006,6,6,100.0
44,Reyce,2006,6,6,100.0
45,Aalijah,2006,5,5,100.0
46,Acey,2006,5,5,100.0
47,Brentlee,2006,5,5,100.0
48,Camil,2006,5,5,100.0
49,Dailin,2006,5,5,100.0
50,Domanique,2006,5,5,100.0
1,Ryley,2007,186,186,100.0
2,Rian,2007,128,128,100.0
3,Kamdyn,2007,73,73,100.0
4,Arlen,2007,31,31,100.0
5,Elizah,2007,17,17,100.0
6,Kemoni,2007,17,17,100.0
7,Laramie,2007,15,15,100.0
8,Brittan,2007,12,12,100.0
9,Evian,2007,12,12,100.0
10,Cayle,2007,11,11,100.0
11,Aamari,2007,10,10,100.0
12,Chidera,2007,10,10,100.0
13,Karlin,2007,10,10,100.0
14,Skilar,2007,10,10,100.0
15,Ming,2007,9,9,100.0
16,Mishael,2007,9,9,100.0
17,Phenix,2007,9,9,100.0
18,Yannis,2007,9,9,100.0
19,Aydenn,2007,8,8,100.0
20,Bora,2007,8,8,100.0
21,Jaylien,2007,8,8,100.0
22,Farren,2007,7,7,100.0
23,Jaleen,2007,7,7,100.0
24,Khori,2007,7,7,100.0
25,Neziah,2007,7,7,100.0
26,Yuma,2007,7,7,100.0
27,Brylyn,2007,6,6,100.0
28,Camauri,2007,6,6,100.0
29,Chyler,2007,6,6,100.0
30,Damilola,2007,6,6,100.0
31,Georgi,2007,6,6,100.0
32,Jaydenn,2007,6,6,100.0
33,Jaz,2007,6,6,100.0
34,Juelle,2007,6,6,100.0
35,Justise,2007,6,6,100.0
36,Kamarii,2007,6,6,100.0
37,Romie,2007,6,6,100.0
38,Sahej,2007,6,6,100.0
39,Skyeler,2007,6,6,100.0
40,Ahmi,2007,5,5,100.0
41,Armanie,2007,5,5,100.0
42,Brighten,2007,5,5,100.0
43,Caylan,2007,5,5,100.0
44,Elim,2007,5,5,100.0
45,Future,2007,5,5,100.0
46,Haeven,2007,5,5,100.0
47,Isah,2007,5,5,100.0
48,Keagyn,2007,5,5,100.0
49,Keaire,2007,5,5,100.0
50,Kenyada,2007,5,5,100.0
1,Jaylin,2008,524,524,100.0
2,Khali,2008,26,26,100.0
3,Avrey,2008,24,24,100.0
4,Corin,2008,23,23,100.0
5,Braelin,2008,20,20,100.0
6,Jalani,2008,18,18,100.0
7,Dominque,2008,15,15,100.0
8,Makana,2008,14,14,100.0
9,Tobie,2008,14,14,100.0
10,Adama,2008,13,13,100.0
11,Lupe,2008,12,12,100.0
12,Ramey,2008,12,12,100.0
13,Stephane,2008,12,12,100.0
14,Anmol,2008,11,11,100.0
15,Han,2008,11,11,100.0
16,Rmani,2008,11,11,100.0
17,Ariyan,2008,10,10,100.0
18,Carlyle,2008,10,10,100.0
19,Elim,2008,10,10,100.0
20,Miciah,2008,10,10,100.0
21,Nima,2008,10,10,100.0
22,Paxtyn,2008,10,10,100.0
23,Samauri,2008,10,10,100.0
24,Shadow,2008,10,10,100.0
25,Giavanni,2008,9,9,100.0
26,Jorryn,2008,9,9,100.0
27,Raylan,2008,9,9,100.0
28,Shiya,2008,9,9,100.0
29,Skiler,2008,9,9,100.0
30,Tacori,2008,9,9,100.0
31,Cailen,2008,8,8,100.0
32,Hudsyn,2008,8,8,100.0
33,Mauri,2008,8,8,100.0
34,Rhyen,2008,8,8,100.0
35,Tallis,2008,8,8,100.0
36,Xian,2008,8,8,100.0
37,Kosisochukwu,2008,7,7,100.0
38,Lanell,2008,7,7,100.0
39,Najai,2008,7,7,100.0
40,Oluwatosin,2008,7,7,100.0
41,Rossi,2008,7,7,100.0
42,Selby,2008,7,7,100.0
43,Shiraz,2008,7,7,100.0
44,Zayde,2008,7,7,100.0
45,Aidynn,2008,6,6,100.0
46,Carmon,2008,6,6,100.0
47,Chai,2008,6,6,100.0
48,Dakodah,2008,6,6,100.0
49,Emauri,2008,6,6,100.0
50,Haidan,2008,6,6,100.0
1,Michel,2009,55,55,100.0
2,Michal,2009,48,48,100.0
3,Haydyn,2009,32,32,100.0
4,Avry,2009,27,27,100.0
5,Adi,2009,26,26,100.0
6,Indiana,2009,26,26,100.0
7,Kemani,2009,26,26,100.0
8,Kenyatta,2009,21,21,100.0
9,Riyan,2009,20,20,100.0
10,Samar,2009,17,17,100.0
11,Amori,2009,16,16,100.0
12,Allyn,2009,15,15,100.0
13,Bradie,2009,13,13,100.0
14,Carlisle,2009,12,12,100.0
15,Kit,2009,12,12,100.0
16,Oluwadamilola,2009,12,12,100.0
17,Angell,2009,11,11,100.0
18,Eaden,2009,11,11,100.0
19,Maika,2009,11,11,100.0
20,Armanii,2009,10,10,100.0
21,Chesley,2009,10,10,100.0
22,Dacoda,2009,10,10,100.0
23,Keighan,2009,9,9,100.0
24,Omega,2009,9,9,100.0
25,Arrington,2009,8,8,100.0
26,Kumari,2009,8,8,100.0
27,Marcelle,2009,8,8,100.0
28,Oluwanifemi,2009,8,8,100.0
29,Shadow,2009,8,8,100.0
30,Siah,2009,8,8,100.0
31,Ugonna,2009,8,8,100.0
32,Lean,2009,7,7,100.0
33,Phynix,2009,7,7,100.0
34,Psalm,2009,7,7,100.0
35,Rayen,2009,7,7,100.0
36,Reyhan,2009,7,7,100.0
37,Ryian,2009,7,7,100.0
38,Santanna,2009,7,7,100.0
39,Aidynn,2009,6,6,100.0
40,Grae,2009,6,6,100.0
41,Johnie,2009,6,6,100.0
42,Lakshya,2009,6,6,100.0
43,Oluwatomisin,2009,6,6,100.0
44,Shyler,2009,6,6,100.0
45,Thanh,2009,6,6,100.0
46,Amadi,2009,5,5,100.0
47,Armahni,2009,5,5,100.0
48,Damarea,2009,5,5,100.0
49,Ecko,2009,5,5,100.0
50,Elim,2009,5,5,100.0
1,Salem,2010,67,67,100.0
2,Braylyn,2010,35,35,100.0
3,Atley,2010,29,29,100.0
4,Caelin,2010,17,17,100.0
5,Ryver,2010,17,17,100.0
6,Baylin,2010,16,16,100.0
7,Kamarii,2010,14,14,100.0
8,Rogue,2010,14,14,100.0
9,Dawsyn,2010,13,13,100.0
10,Evian,2010,12,12,100.0
11,Exodus,2010,11,11,100.0
12,Rai,2010,11,11,100.0
13,Gerren,2010,9,9,100.0
14,Remmy,2010,9,9,100.0
15,Aamari,2010,8,8,100.0
16,Breslin,2010,8,8,100.0
17,Cobie,2010,8,8,100.0
18,Nima,2010,8,8,100.0
19,Zani,2010,8,8,100.0
20,Zyian,2010,8,8,100.0
21,Rhyse,2010,7,7,100.0
22,Schylar,2010,7,7,100.0
23,Shadow,2010,7,7,100.0
24,Corley,2010,6,6,100.0
25,Inioluwa,2010,6,6,100.0
26,Jazari,2010,6,6,100.0
27,Majestic,2010,6,6,100.0
28,Rhylin,2010,6,6,100.0
29,Sanay,2010,6,6,100.0
30,Sian,2010,6,6,100.0
31,Tailor,2010,6,6,100.0
32,Taygan,2010,6,6,100.0
33,Zabdi,2010,6,6,100.0
34,Zacaria,2010,6,6,100.0
35,Bradee,2010,5,5,100.0
36,Chai,2010,5,5,100.0
37,Dae,2010,5,5,100.0
38,Dai,2010,5,5,100.0
39,Dee,2010,5,5,100.0
40,Demarie,2010,5,5,100.0
41,Gabriyel,2010,5,5,100.0
42,Haidin,2010,5,5,100.0
43,Jamile,2010,5,5,100.0
44,Jayel,2010,5,5,100.0
45,Joanny,2010,5,5,100.0
46,Kairyn,2010,5,5,100.0
47,Karstin,2010,5,5,100.0
48,Keilin,2010,5,5,100.0
49,Kosisochukwu,2010,5,5,100.0
50,Matia,2010,5,5,100.0
1,Taylen,2011,71,71,100.0
2,Valentine,2011,32,32,100.0
3,Zaylin,2011,25,25,100.0
4,Clarke,2011,23,23,100.0
5,Paxtyn,2011,22,22,100.0
6,Mackinley,2011,17,17,100.0
7,Baby,2011,16,16,100.0
8,Maddyx,2011,15,15,100.0
9,Sacha,2011,15,15,100.0
10,Kemoni,2011,14,14,100.0
11,Amory,2011,13,13,100.0
12,Coley,2011,13,13,100.0
13,Joss,2011,11,11,100.0
14,Rai,2011,11,11,100.0
15,Britten,2011,10,10,100.0
16,Oluwademilade,2011,10,10,100.0
17,Altair,2011,9,9,100.0
18,Amillion,2011,9,9,100.0
19,Blessed,2011,9,9,100.0
20,Dari,2011,9,9,100.0
21,Giavanni,2011,9,9,100.0
22,Keymari,2011,9,9,100.0
23,Jammie,2011,8,8,100.0
24,Marcelle,2011,8,8,100.0
25,Tallis,2011,8,8,100.0
26,Brekyn,2011,7,7,100.0
27,Judea,2011,7,7,100.0
28,Noha,2011,7,7,100.0
29,Olamide,2011,7,7,100.0
30,Riely,2011,7,7,100.0
31,Sevyn,2011,7,7,100.0
32,Skilar,2011,7,7,100.0
33,Temiloluwa,2011,7,7,100.0
34,Trystyn,2011,7,7,100.0
35,Zenith,2011,7,7,100.0
36,Acie,2011,6,6,100.0
37,Astyn,2011,6,6,100.0
38,Auryn,2011,6,6,100.0
39,Baraa,2011,6,6,100.0
40,Blu,2011,6,6,100.0
41,Demilade,2011,6,6,100.0
42,Deni,2011,6,6,100.0
43,Harkirat,2011,6,6,100.0
44,Jaleen,2011,6,6,100.0
45,Kaidynn,2011,6,6,100.0
46,Rease,2011,6,6,100.0
47,Taydem,2011,6,6,100.0
48,Toluwani,2011,6,6,100.0
49,Yu,2011,6,6,100.0
50,Baran,2011,5,5,100.0
1,Linden,2012,59,59,100.0
2,Micha,2012,23,23,100.0
3,Sacha,2012,16,16,100.0
4,Devlyn,2012,13,13,100.0
5,Jaye,2012,12,12,100.0
6,Neziah,2012,12,12,100.0
7,Jadence,2012,11,11,100.0
8,Logyn,2012,11,11,100.0
9,Tam,2012,11,11,100.0
10,Chesley,2012,10,10,100.0
11,Halston,2012,10,10,100.0
12,Kelin,2012,10,10,100.0
13,Kelyn,2012,10,10,100.0
14,Yichen,2012,10,10,100.0
15,Camauri,2012,9,9,100.0
16,Jayln,2012,9,9,100.0
17,Marcelle,2012,9,9,100.0
18,Shiya,2012,8,8,100.0
19,Yuan,2012,8,8,100.0
20,Aoi,2012,7,7,100.0
21,Astyn,2012,7,7,100.0
22,Damilola,2012,7,7,100.0
23,Danila,2012,7,7,100.0
24,Riel,2012,7,7,100.0
25,Terrin,2012,7,7,100.0
26,Amaurie,2012,6,6,100.0
27,Brittin,2012,6,6,100.0
28,Daire,2012,6,6,100.0
29,Harjas,2012,6,6,100.0
30,Kadian,2012,6,6,100.0
31,Khamryn,2012,6,6,100.0
32,Moo,2012,6,6,100.0
33,Music,2012,6,6,100.0
34,Oluwaferanmi,2012,6,6,100.0
35,Rhen,2012,6,6,100.0
36,Riven,2012,6,6,100.0
37,Zabdi,2012,6,6,100.0
38,Acea,2012,5,5,100.0
39,Azarya,2012,5,5,100.0
40,Candler,2012,5,5,100.0
41,Colbee,2012,5,5,100.0
42,Dioni,2012,5,5,100.0
43,Harjot,2012,5,5,100.0
44,Ivry,2012,5,5,100.0
45,Jaydynn,2012,5,5,100.0
46,Jermanie,2012,5,5,100.0
47,Kaedynn,2012,5,5,100.0
48,Karee,2012,5,5,100.0
49,Kasani,2012,5,5,100.0
50,Makay,2012,5,5,100.0
1,Arie,2013,79,79,100.0
2,Riyan,2013,34,34,100.0
3,Rooney,2013,32,32,100.0
4,Callaway,2013,19,19,100.0
5,Dezi,2013,13,13,100.0
6,Kelyn,2013,13,13,100.0
7,Ziyan,2013,12,12,100.0
8,Aalijah,2013,11,11,100.0
9,Remmy,2013,11,11,100.0
10,Vegas,2013,11,11,100.0
11,Devlyn,2013,10,10,100.0
12,Judea,2013,10,10,100.0
13,Brittan,2013,9,9,100.0
14,Neziah,2013,9,9,100.0
15,Pistol,2013,9,9,100.0
16,Sascha,2013,9,9,100.0
17,Temiloluwa,2013,9,9,100.0
18,Evian,2013,8,8,100.0
19,Jaloni,2013,8,8,100.0
20,Lawsyn,2013,8,8,100.0
21,Zaylyn,2013,8,8,100.0
22,Beren,2013,7,7,100.0
23,Harvin,2013,7,7,100.0
24,Lanier,2013,7,7,100.0
25,Lin,2013,7,7,100.0
26,Mel,2013,7,7,100.0
27,Renn,2013,7,7,100.0
28,Ruari,2013,7,7,100.0
29,Tashi,2013,7,7,100.0
30,Aquila,2013,6,6,100.0
31,Azhar,2013,6,6,100.0
32,Brekyn,2013,6,6,100.0
33,Chi,2013,6,6,100.0
34,Daylynn,2013,6,6,100.0
35,Devereaux,2013,6,6,100.0
36,Rockie,2013,6,6,100.0
37,Tyjah,2013,6,6,100.0
38,Zakariyah,2013,6,6,100.0
39,Abiola,2013,5,5,100.0
40,Brae,2013,5,5,100.0
41,Destine,2013,5,5,100.0
42,Ebba,2013,5,5,100.0
43,Finnlee,2013,5,5,100.0
44,Fiyinfoluwa,2013,5,5,100.0
45,Happy,2013,5,5,100.0
46,Khymani,2013,5,5,100.0
47,Kolbee,2013,5,5,100.0
48,Lohgan,2013,5,5,100.0
49,Milen,2013,5,5,100.0
50,Monti,2013,5,5,100.0
1,Dru,2014,26,26,100.0
2,Yona,2014,17,17,100.0
3,Christin,2014,16,16,100.0
4,Adama,2014,14,14,100.0
5,Majestic,2014,11,11,100.0
6,Reynolds,2014,11,11,100.0
7,Kimoni,2014,10,10,100.0
8,Isadore,2014,9,9,100.0
9,Kairee,2014,9,9,100.0
10,Adriann,2014,8,8,100.0
11,Connelly,2014,8,8,100.0
12,Khamryn,2014,8,8,100.0
13,Lohgan,2014,8,8,100.0
14,Marcelle,2014,8,8,100.0
15,Rainn,2014,8,8,100.0
16,Soma,2014,8,8,100.0
17,Aaris,2014,7,7,100.0
18,Adoniah,2014,7,7,100.0
19,Breyer,2014,7,7,100.0
20,Keani,2014,7,7,100.0
21,Merrill,2014,7,7,100.0
22,Renny,2014,7,7,100.0
23,Takari,2014,7,7,100.0
24,Damilola,2014,6,6,100.0
25,Imri,2014,6,6,100.0
26,Kindred,2014,6,6,100.0
27,Kitt,2014,6,6,100.0
28,Life,2014,6,6,100.0
29,Nay,2014,6,6,100.0
30,Noell,2014,6,6,100.0
31,Ravin,2014,6,6,100.0
32,Winner,2014,6,6,100.0
33,Adar,2014,5,5,100.0
34,Akon,2014,5,5,100.0
35,Aleksi,2014,5,5,100.0
36,Amaurie,2014,5,5,100.0
37,Arly,2014,5,5,100.0
38,Asil,2014,5,5,100.0
39,Autry,2014,5,5,100.0
40,Finesse,2014,5,5,100.0
41,Ivon,2014,5,5,100.0
42,Korin,2014,5,5,100.0
43,Lakshya,2014,5,5,100.0
44,Maziah,2014,5,5,100.0
45,Nasim,2014,5,5,100.0
46,Natale,2014,5,5,100.0
47,Nazari,2014,5,5,100.0
48,Sabriel,2014,5,5,100.0
49,Sahej,2014,5,5,100.0
50,Shavon,2014,5,5,100.0
